Date,Ashok Leyland Limited,Barclays PLC,Berkshire Hathaway Inc. Class A,Bharat Heavy Electricals Limited,Bharat Petroleum Corporation Limited,BioMarin Pharmaceutical Inc.,Chemring Group PLC,Cincinnati Financial Corporation,Clarkson PLC,Close Brothers Group plc,Coca-Cola Europacific Partners plc,Coca-Cola HBC AG,easyJet plc,Fresnillo PLC,Godrej Industries Limited,Grainger plc,Halliburton Company,Hewlett Packard Enterprise Co.,Hindustan Zinc Limited,Honeywell International Inc.,HP Inc.,Intel Corporation,Johnson & Johnson,Jupiter Fund Management plc,Kier Group plc,Kingfisher Plc,Lennar Corporation Class A,Mahindra & Mahindra Financial Services Ltd.,Mahindra & Mahindra Ltd.,Mangalore Refinery & Petrochemicals Ltd.,ME Group International plc,"NVR, Inc.","O'Reilly Automotive, Inc.",Power Finance Corporation Limited,Punjab National Bank,S&U plc,Schroder Real Estate Investment Trust Ltd,Serco Group plc,Steel Authority of India Limited,Tata Communications Limited,Tech Mahindra Limited,UnitedHealth Group Incorporated,Vodafone Idea Ltd,Walt Disney Company,Zydus Lifesciences Limited
12/27/19,-0.81,1.73,-0.27,-3.90,0.64,0.99,0.63,-0.22,7.86,1.83,0.69,2.97,-0.56,6.60,1.43,3.51,-0.37,2.05,0.94,0.04,-0.15,1.92,-0.21,1.82,7.74,1.43,-1.13,0.28,-0.14,3.15,-0.41,-0.63,-0.90,1.55,1.08,-0.47,-0.53,2.89,1.32,0.89,-0.43,1.16,-10.58,-0.77,-3.83
01/03/20,4.96,0.99,0.07,3.60,-1.78,-1.86,4.62,2.50,-0.83,0.43,0.57,0.08,-2.71,6.61,2.20,1.09,1.48,-0.82,2.28,1.35,0.00,0.03,-1.01,-1.33,-5.22,-0.45,0.84,3.46,0.49,3.17,0.21,-0.92,0.35,3.22,-0.46,-1.42,0.18,-0.86,10.79,7.43,-0.70,-2.17,4.97,0.51,1.48
01/10/20,-2.75,-1.25,0.30,0.22,-2.47,8.45,3.82,-1.69,-2.34,-1.91,-0.31,2.15,8.47,-5.42,2.89,-4.69,-2.75,-1.90,1.86,-0.10,4.14,-1.93,0.54,-5.53,-10.03,-3.93,5.76,-0.82,2.59,3.76,-3.93,0.00,-0.43,2.53,-4.00,1.92,-1.94,0.74,6.96,-3.16,0.16,1.93,-0.82,-1.28,-0.60
01/17/20,3.26,-3.18,1.41,3.13,-3.46,-3.11,4.45,2.49,5.13,0.06,4.86,3.95,-1.43,2.40,-1.96,0.40,-0.50,-2.39,-0.94,2.55,2.76,1.12,2.83,0.54,-4.97,-0.05,5.64,8.30,4.13,2.52,-0.11,2.96,0.88,0.25,1.20,0.00,1.62,0.00,2.00,7.11,0.26,1.13,-25.70,-0.20,4.20
01/24/20,2.98,-1.03,-1.38,-2.49,2.72,-2.40,5.93,-1.21,-0.65,-6.58,-0.78,0.80,0.34,-0.66,0.24,1.92,-3.59,-2.25,-4.26,-3.33,0.05,14.88,-0.57,0.21,4.91,-1.62,5.82,2.43,-0.21,0.64,-3.56,2.32,-2.25,-4.47,-1.34,0.47,-2.30,2.57,0.20,4.03,1.16,-1.90,34.15,-2.94,1.06
01/31/20,-5.26,-3.14,-1.24,-5.11,-2.00,-3.08,-4.90,-1.00,-4.42,-4.97,-0.96,-0.07,-6.04,4.15,-5.46,-3.77,-5.58,-5.62,-6.57,-2.21,-3.00,-6.63,0.37,-0.82,8.81,-1.40,-0.42,0.00,-0.08,-2.02,0.34,-4.18,-5.73,0.04,-2.97,2.35,-4.17,-5.72,-8.91,-8.35,1.02,-6.95,-12.23,-1.26,-2.43
02/07/20,2.20,5.45,1.46,-6.79,7.47,3.68,4.96,7.51,4.45,2.47,2.07,0.86,8.44,0.36,3.92,4.79,-0.05,5.81,0.49,1.19,1.92,3.78,2.03,-2.90,12.07,3.87,3.96,8.07,0.26,-6.41,-0.89,2.74,-4.53,7.42,-2.81,0.92,0.38,3.16,4.62,-0.75,3.61,6.16,-2.26,1.96,3.75
02/14/20,-4.18,-0.70,-0.20,-9.05,-3.00,2.82,-3.68,2.11,-3.28,0.41,2.70,1.07,-0.79,1.53,-4.94,6.77,1.47,-2.04,-2.20,3.15,2.95,1.89,-1.16,5.96,40.18,2.27,1.97,-3.38,-8.04,-2.09,-3.37,1.84,0.83,1.08,-7.82,11.36,0.94,-2.33,-9.66,-5.34,1.20,3.31,-33.72,-1.05,-1.98
02/21/20,4.98,2.10,0.95,-3.04,-1.03,6.91,-3.09,-3.38,-3.39,-1.17,2.76,-1.48,0.67,5.51,2.55,1.99,-3.89,-1.80,-4.33,-0.51,1.48,-4.36,-0.13,-1.54,1.14,1.06,0.43,-0.92,0.33,-2.84,2.91,0.94,0.16,4.46,-2.49,-0.12,3.55,-1.19,-4.10,0.76,-0.53,0.89,27.91,-0.41,3.50
02/28/20,-17.09,-17.19,-10.00,-12.82,-9.60,-5.03,-9.57,-16.24,-12.63,-10.90,-10.08,-11.58,-24.16,-15.22,-6.57,-12.31,-20.23,-9.80,-5.62,-9.34,-8.41,-13.71,-9.72,-23.20,-21.31,-13.54,-14.59,-9.45,-13.03,-7.32,-5.66,-9.03,-5.82,-10.17,-14.76,-8.71,-11.05,-3.05,-15.66,-8.44,-10.32,-15.42,-12.27,-15.34,-6.89
03/06/20,1.86,-11.97,0.58,-3.43,-5.49,4.32,-2.07,5.33,-4.22,-4.36,3.59,-0.08,-9.13,9.84,4.84,-1.28,-22.07,-6.25,-5.11,1.15,2.98,0.45,5.61,-6.27,5.09,-10.75,3.66,-2.75,3.19,-2.63,-0.24,4.86,-0.17,1.05,-6.10,-1.36,2.27,-4.46,-7.31,-6.32,0.93,11.34,-14.25,-2.02,2.36
03/13/20,-6.32,-21.81,-7.04,-12.35,-6.57,-10.36,-13.14,-7.77,-3.56,-13.28,-16.80,-25.10,-21.32,-18.00,-10.33,-11.28,-45.29,-16.91,-13.55,-8.91,-19.04,-2.40,-5.45,-20.70,-21.00,-19.23,-26.97,-15.70,-8.92,0.27,-4.69,-24.00,-3.74,-7.15,-11.58,-11.29,-3.93,-19.48,-10.62,-25.83,-11.53,-3.79,70.09,-11.06,-5.58
03/20/20,-33.45,-13.05,-10.95,-9.65,-15.38,-13.55,-11.51,-16.58,-11.96,-11.61,-28.35,-8.59,-23.74,9.53,-14.68,-11.79,-29.37,-12.47,-3.79,-24.70,-18.80,-15.80,-10.72,-15.56,-0.27,-7.58,-25.39,-25.67,-24.71,-23.32,-43.76,-20.37,-25.55,-10.43,2.14,-14.81,-23.06,-6.39,-9.17,-5.76,-12.05,-24.06,-38.54,-16.13,13.83
03/27/20,-1.25,9.38,4.19,-12.82,-7.07,8.84,15.77,1.23,10.62,16.53,6.64,-3.81,-0.87,22.16,-9.60,13.36,26.53,13.79,5.88,16.68,20.86,14.27,2.73,7.51,-16.24,14.43,18.13,-23.49,-8.45,-17.40,-16.26,23.41,18.83,-4.14,-12.43,-2.74,-4.63,11.37,-20.93,-2.46,-12.64,17.36,-6.94,12.12,-10.54
04/03/20,-11.88,-17.59,-0.06,1.23,13.73,5.91,-13.12,-6.48,-1.79,-13.96,10.37,2.36,-20.14,-12.59,-2.04,-6.93,19.09,-5.30,12.16,-2.91,-14.12,3.36,8.94,-5.57,-11.21,-6.34,-17.06,-11.39,-4.99,0.43,2.81,-17.71,-5.76,-1.99,-11.21,-6.43,-8.57,0.49,2.84,2.46,3.39,-5.35,-2.17,-2.61,8.80
04/09/20,19.50,21.61,8.41,8.23,8.78,-5.53,12.65,17.67,11.36,17.39,17.82,21.75,43.41,12.33,0.11,11.18,7.88,13.23,2.51,12.54,10.29,5.56,5.26,25.22,21.92,12.76,34.17,16.54,35.71,10.38,23.57,23.91,15.93,5.16,5.72,11.89,8.91,10.33,20.92,22.12,4.71,15.09,4.13,11.31,27.50
04/17/20,7.12,-7.04,-2.10,-2.24,4.29,12.03,-3.94,2.66,-1.43,-6.05,-4.63,-1.18,-6.22,-0.92,-0.29,-2.08,-7.67,-7.79,5.44,-3.56,-2.82,5.64,7.64,-10.72,-0.60,-7.90,-4.17,8.15,-4.72,27.64,-4.53,-0.35,9.07,3.31,1.43,0.30,13.49,-3.02,7.60,28.72,-6.52,10.01,25.00,2.04,-4.83
04/24/20,-8.08,-2.32,-1.74,-5.26,-2.56,9.19,2.56,-8.47,-7.87,0.29,-3.29,-1.50,-10.30,4.10,-5.30,0.99,16.89,-1.85,-1.89,-2.02,-3.35,-1.82,1.87,1.46,-0.12,3.99,0.20,-21.91,-7.97,-2.86,-3.20,-2.41,3.03,-2.88,-5.02,-1.49,4.80,-0.91,-4.95,-0.20,-1.19,0.25,-2.68,-5.10,0.96
05/01/20,16.46,15.95,-1.96,8.21,5.65,-9.44,-1.50,-22.39,12.36,3.84,-2.36,0.86,-0.87,-3.52,0.30,0.00,10.16,-0.52,1.90,1.28,-1.93,-3.02,-4.24,4.14,0.72,8.22,15.35,18.16,9.68,0.46,7.18,6.66,-2.20,4.72,6.94,0.00,-15.20,-1.61,18.59,17.00,8.45,-2.33,5.26,4.26,-3.86
05/08/20,-10.12,2.61,-3.17,-0.89,-12.44,8.03,4.57,-8.56,-4.00,0.18,0.25,-4.79,-6.44,-2.99,-5.86,-0.75,9.63,8.12,0.49,-0.25,6.46,4.41,0.28,4.62,-0.95,-1.17,9.20,-0.33,5.41,-8.32,-6.38,2.73,6.95,-11.96,-9.43,0.00,-1.56,1.48,-10.97,-4.70,-1.85,0.88,-0.71,3.47,-0.93
05/15/20,0.21,-7.56,-4.44,22.97,-1.96,-1.53,-3.11,-11.63,3.13,-5.35,-10.86,-4.40,-6.04,8.31,3.69,-1.37,-8.22,-11.12,9.84,-7.75,-5.11,-2.33,1.17,-0.88,-1.50,9.70,-6.24,1.81,-1.29,-4.37,-0.45,-10.41,1.15,0.24,-1.54,-6.67,-9.97,-2.23,3.35,9.55,-4.78,1.38,17.27,-0.10,3.49
05/22/20,-7.53,5.84,3.78,-10.07,-0.80,4.02,6.46,16.39,-5.45,2.24,4.36,3.36,11.64,7.65,-0.87,0.62,18.02,0.66,-5.95,10.98,14.40,6.82,-3.36,3.92,0.73,2.51,18.66,-24.23,11.82,-6.33,5.02,12.12,-0.52,-10.99,-7.63,6.49,5.94,0.47,-6.98,10.76,3.78,-0.35,13.09,8.23,4.29
05/29/20,-2.52,11.73,5.91,13.85,8.67,9.27,1.41,2.84,-1.92,2.67,2.86,8.75,21.99,-0.98,24.63,10.43,1.38,5.89,3.57,4.79,-10.94,1.08,3.03,7.29,-0.12,10.59,0.62,9.68,2.31,7.88,2.17,2.80,3.02,0.27,0.75,-0.61,13.18,-0.86,10.44,-4.65,0.13,5.14,18.63,-0.61,-0.56
06/05/20,13.65,14.02,8.00,-0.54,7.91,-0.70,26.68,16.68,8.71,13.82,12.68,6.18,31.06,-8.75,14.58,8.22,24.01,14.42,0.96,10.64,14.99,2.24,-0.97,8.31,0.61,6.64,5.38,10.33,10.99,10.43,12.55,8.36,1.31,14.58,25.88,6.75,9.37,7.57,10.78,-1.37,9.34,2.30,60.37,6.41,4.21
06/12/20,8.39,-10.91,-9.77,13.13,1.20,-0.08,-12.27,-11.27,-6.41,-12.14,-10.19,-4.99,-9.67,10.71,3.20,-9.47,-11.98,-7.65,0.98,-10.45,-5.55,-7.79,-3.50,-12.55,12.72,-4.93,-7.00,5.99,5.03,2.99,4.16,-9.04,-2.92,-2.85,-2.22,-2.30,-16.65,-4.77,-9.13,3.16,-4.33,-8.56,-3.52,-7.47,4.19
06/19/20,3.72,-0.43,0.03,3.02,1.60,17.40,-0.63,4.49,5.35,1.30,0.84,2.29,-0.87,-1.79,1.37,0.14,2.03,-3.25,1.89,0.60,3.07,0.49,1.18,2.11,1.44,6.09,1.57,6.57,-1.73,-1.38,0.54,3.87,2.88,1.97,4.24,4.12,-3.96,20.02,-0.82,21.54,-2.92,2.57,-9.95,-0.99,-3.22
06/26/20,-3.59,-4.79,-3.02,13.73,3.40,-0.08,1.68,-1.85,-8.94,0.00,-3.12,-2.19,-18.35,5.74,10.19,-1.21,-8.51,-3.26,11.77,-4.93,-1.01,-3.56,-4.19,7.60,-5.06,2.78,-1.96,1.46,0.35,21.71,0.54,-3.96,-1.59,5.69,6.10,-0.58,-3.67,-0.71,1.50,0.21,4.16,-1.50,13.68,-4.59,0.47
07/02/20,-6.11,4.27,1.58,4.88,-2.11,2.23,4.34,4.63,6.03,1.92,2.23,-1.41,7.37,3.73,-6.49,7.26,5.36,-0.95,-1.89,4.93,2.77,2.83,2.29,-0.92,-13.38,2.70,1.98,3.19,5.71,-6.24,-1.26,0.07,2.98,-6.49,-1.64,-2.92,5.56,1.42,1.15,5.54,1.06,3.97,-3.46,2.82,0.71
07/10/20,4.07,1.76,2.37,7.12,-2.25,-0.57,-4.16,8.65,-11.37,1.62,1.84,2.97,-5.09,9.86,-3.99,-2.82,-4.06,-1.59,-2.97,-1.77,-0.47,0.68,0.99,-4.65,-5.71,1.95,8.67,11.64,4.60,-0.95,0.73,3.18,-1.66,-0.71,-2.50,2.41,-3.01,-0.64,19.58,1.93,0.29,-2.36,-2.79,6.38,-2.73
07/17/20,1.17,-1.15,4.47,-7.37,17.95,1.71,1.03,8.77,-0.24,0.71,1.21,3.00,-0.15,16.12,-7.06,-0.76,8.46,4.43,-0.71,8.81,3.30,0.79,4.90,2.36,0.68,1.11,6.65,1.99,6.64,-4.53,-17.51,2.20,2.61,-1.91,-4.14,-4.71,2.33,0.58,-4.19,5.15,5.50,5.25,-8.92,-0.58,5.89
07/24/20,-2.61,-2.41,1.92,-3.78,0.99,-4.10,-5.32,8.57,1.19,2.28,4.46,-1.58,-11.16,9.16,3.84,-0.35,12.46,-0.52,6.57,-3.59,-0.28,-15.68,-0.82,-6.12,-5.00,9.24,0.27,11.61,1.63,2.73,-4.49,13.99,2.46,0.85,0.00,1.23,5.00,-0.57,-2.97,-4.79,9.66,-1.87,-5.18,-0.88,-3.70
07/31/20,-3.47,-11.48,0.69,-2.57,-7.70,-2.55,3.24,-6.37,-3.29,-5.92,0.37,-2.72,-16.26,3.44,-3.08,1.19,-2.58,2.60,4.99,-0.04,0.46,-5.65,-1.59,-4.06,-9.17,-2.58,3.67,-7.92,1.30,1.96,3.32,3.14,7.92,-2.30,-4.91,-2.74,1.13,2.18,-0.87,19.44,4.48,0.66,-0.24,-0.57,6.92
08/07/20,2.67,4.02,7.05,-1.95,1.43,-0.95,6.69,4.80,2.19,-0.18,0.63,5.79,16.59,5.13,3.53,6.96,3.91,2.23,20.47,3.84,5.06,1.31,1.95,-0.78,7.98,8.97,1.23,3.76,-0.97,-5.21,-4.21,-1.40,-2.56,5.63,2.66,0.31,1.01,-11.92,10.72,7.13,-2.88,4.71,5.12,11.11,0.58
08/14/20,23.22,4.40,0.61,5.96,-1.54,-0.43,0.98,-1.91,19.05,5.67,1.62,-0.47,-0.73,-5.49,1.84,1.35,11.69,-4.16,-8.78,3.92,-1.57,1.79,-0.24,-1.01,-10.14,1.75,1.38,-1.59,2.38,-3.47,13.43,4.38,-0.35,6.91,-1.68,-0.94,-3.14,-1.28,3.18,0.28,5.07,2.10,1.13,0.46,1.22
08/21/20,12.67,-1.10,-1.62,8.84,-0.81,-36.50,-8.44,-3.46,-3.40,-5.10,-7.01,-4.31,0.53,0.90,10.52,1.08,-5.35,-3.52,-1.77,-1.73,0.28,0.80,3.05,-5.02,-3.23,1.98,6.88,0.19,-0.79,3.45,-5.51,4.42,-0.69,10.68,10.54,-6.62,-6.34,-1.73,9.13,9.52,5.25,-2.95,-4.48,-2.37,1.29
08/28/20,1.66,3.67,5.24,2.46,1.23,1.80,3.20,3.94,2.07,2.37,7.08,-1.19,10.35,2.31,8.85,-1.57,3.37,5.36,0.79,6.91,8.89,2.33,1.24,2.64,-1.17,-1.17,-4.32,7.76,3.47,-3.04,4.21,-0.39,0.57,-2.87,3.93,1.35,-4.72,3.23,-3.53,-1.89,2.70,0.07,18.41,6.36,-2.97
09/04/20,-1.06,-4.54,-0.01,-7.20,-2.78,-0.50,0.00,0.86,-0.48,-4.45,5.77,0.95,1.64,0.44,-1.37,-3.13,-1.45,-2.44,-3.08,-1.00,-3.12,-0.69,-3.29,-1.34,0.25,0.11,-3.04,-4.46,0.19,-5.83,2.59,-6.54,1.74,-5.81,-9.31,8.67,-5.12,-1.07,-1.10,4.40,-0.49,-0.75,18.91,-2.62,-3.01
09/11/20,-2.29,-3.99,-0.09,-4.14,6.20,-5.20,1.03,-5.13,3.13,0.19,1.08,2.98,-9.88,6.62,-8.02,2.64,-10.76,-2.42,7.10,-0.14,1.22,-1.60,-0.55,0.00,-5.30,3.95,5.24,-4.63,-2.95,-4.92,-0.51,2.93,0.77,-0.32,0.30,4.29,9.93,-0.65,-3.95,-5.26,2.19,-2.97,-7.33,-0.18,-1.86
09/18/20,16.95,-5.07,0.15,-6.48,-3.80,10.17,9.00,2.22,2.42,-3.81,-6.47,-3.04,-6.97,-0.67,0.17,0.00,1.26,2.81,-10.10,1.35,-1.76,1.24,0.95,-1.45,7.64,-3.91,2.19,1.76,6.63,-3.67,8.63,-0.35,-2.26,1.30,-3.26,0.88,-0.48,-4.85,-2.70,-1.12,5.24,2.17,1.26,-2.37,10.60
09/25/20,-4.27,-6.03,-3.80,-13.13,-8.86,-2.51,-11.44,-1.46,-5.72,-8.46,-7.66,-4.13,-9.90,-11.73,-1.68,-5.08,-14.39,-4.11,-2.51,-4.27,-3.43,0.10,-2.36,4.32,-14.52,9.47,-3.13,-9.68,-9.44,-6.41,-4.49,-2.55,-4.14,-8.57,-10.89,-2.77,-4.30,-4.03,-9.25,-3.92,-4.03,-1.79,-8.07,-3.60,-5.76
10/02/20,-0.13,6.73,0.74,-1.83,-5.95,-3.11,0.00,1.18,-3.77,10.72,2.79,1.30,0.72,5.27,2.13,-0.07,-8.57,3.40,0.10,2.55,4.32,2.14,0.40,8.00,-4.25,-0.44,9.34,7.69,2.87,-2.59,-0.10,6.73,3.05,3.87,-3.61,0.45,7.65,2.93,-0.44,2.18,6.49,3.13,-10.81,-1.17,3.23
10/09/20,-0.46,9.79,1.89,-1.52,-2.35,5.16,8.05,2.46,6.52,3.05,1.11,-0.05,4.68,5.49,-3.47,5.08,11.23,4.14,0.05,5.30,1.47,3.55,3.23,4.88,1.61,3.70,0.25,2.93,3.88,0.38,1.86,4.86,-1.93,-2.09,3.21,2.84,3.25,-1.85,-0.73,2.31,3.88,5.08,-3.68,1.98,9.81
10/16/20,-1.05,-5.11,-1.54,-6.53,-1.45,0.51,-1.96,-1.39,-3.47,-2.00,-4.75,-1.03,-8.17,2.05,-4.94,-7.74,-2.62,-3.36,1.63,0.28,1.19,2.54,-1.90,-4.07,-13.73,1.87,1.02,-5.85,-4.25,-3.22,-4.04,-0.61,3.92,-2.07,-5.19,-3.05,2.84,8.24,0.00,2.31,-3.72,0.63,-9.78,1.46,-1.50
10/23/20,9.06,9.57,0.26,6.99,3.37,-2.17,8.00,-1.50,-3.38,7.75,1.85,2.23,16.51,-9.30,1.70,2.45,8.65,0.00,13.05,0.39,-2.45,-11.00,-1.93,1.21,8.74,2.86,-7.57,7.29,3.07,14.87,5.01,-3.80,-0.12,5.71,0.00,0.90,-6.55,-4.78,7.66,4.88,3.07,0.21,12.95,1.21,-1.56
10/30/20,-3.54,-4.46,-5.27,-3.78,0.83,-4.00,-3.52,-8.60,-12.04,-1.91,-8.51,-11.09,-7.77,-4.60,-4.11,-4.64,-9.39,-8.86,-6.74,-6.03,-6.07,-8.13,-5.60,-0.68,-0.17,-10.31,-10.27,-9.21,-4.99,-1.53,-6.49,-6.01,-6.40,-3.06,-2.37,0.10,-4.05,-1.52,-6.02,1.47,-2.27,-7.70,-3.53,-5.53,-1.45
11/06/20,7.60,4.11,3.76,-0.18,2.26,3.10,0.77,4.96,6.47,3.62,-4.70,3.59,5.30,12.69,3.79,-1.07,1.82,6.37,10.48,11.71,7.18,3.25,3.75,4.57,-2.54,6.79,7.63,6.30,3.22,-5.88,8.37,4.89,2.73,9.87,3.74,1.50,7.47,-15.92,10.63,6.75,4.58,13.87,-1.71,5.12,3.42
11/13/20,6.83,20.93,8.88,0.18,8.80,1.02,1.52,6.10,14.25,18.46,16.07,21.34,38.27,-14.20,0.42,4.84,16.69,10.34,1.40,9.89,1.87,0.15,5.38,8.57,36.96,-4.01,0.01,10.58,2.72,1.10,3.01,2.45,2.93,7.58,6.31,9.47,0.45,8.36,3.03,1.44,-1.41,2.36,1.40,8.55,-1.50
11/20/20,0.06,2.68,-0.12,4.29,-2.75,-2.03,-0.38,-1.75,6.75,4.31,12.22,1.41,-0.49,0.89,10.27,5.52,10.96,3.25,-2.66,0.23,4.28,-0.15,-2.36,-1.75,2.38,-3.84,0.21,7.55,13.71,1.09,-1.28,-2.07,-3.22,0.53,0.85,-3.78,12.18,0.93,4.98,1.97,-0.13,-5.90,15.14,1.96,-0.01
11/27/20,1.43,1.26,1.78,12.50,-2.71,5.86,-3.95,0.53,-2.69,-4.57,1.57,-2.41,14.47,-1.94,-3.81,-8.30,10.44,7.16,3.68,3.67,8.90,4.54,-0.92,-4.56,9.92,-4.28,2.57,10.54,0.57,6.29,7.04,-0.96,-0.81,4.64,12.44,2.25,-3.32,-0.59,17.88,2.73,4.57,0.97,-2.29,4.30,5.79
12/04/20,2.88,6.54,-0.12,4.26,5.15,-0.98,-0.98,6.62,5.96,5.85,7.78,5.36,10.73,2.11,5.36,2.57,10.93,9.98,4.98,1.56,6.78,9.56,4.35,8.66,21.30,-0.78,-4.93,-1.81,4.22,11.34,0.35,-2.92,1.55,6.42,6.58,2.75,7.04,2.70,13.42,-4.24,5.30,3.91,-0.41,4.76,4.64
12/11/20,-0.69,-8.45,-2.00,4.96,1.30,-0.15,3.37,-3.36,-4.69,-5.24,-0.80,0.09,-11.91,-0.84,5.89,-3.68,2.06,-1.87,0.02,0.92,-2.02,-4.34,1.78,-1.19,-15.12,-3.16,-1.52,3.07,-3.08,5.78,-4.66,0.09,-0.46,1.78,13.60,3.21,-3.29,-4.53,5.10,2.23,-0.39,-3.66,3.48,14.00,-0.91
12/18/20,4.36,6.57,-0.64,-0.28,-0.82,11.78,13.03,4.35,0.79,5.00,0.53,3.65,-0.27,1.20,-0.80,2.16,-0.76,1.08,0.19,-2.14,5.84,-4.56,1.02,4.97,10.89,4.07,11.10,1.99,0.65,0.57,-9.22,5.58,0.72,0.21,-9.75,8.81,0.54,3.79,0.09,-3.83,1.56,0.39,-2.67,-1.61,2.07
12/24/20,-3.11,6.62,0.70,-5.72,-4.21,-0.21,-1.69,2.64,1.17,4.26,1.04,0.17,2.72,0.00,-3.10,2.27,-2.39,-2.97,0.00,-0.24,-0.82,-0.82,-1.32,3.59,-2.10,-2.03,-0.51,-2.83,-2.83,-2.00,3.59,-0.25,2.35,-2.85,-13.95,-4.76,3.92,-1.74,4.33,7.20,1.41,0.71,2.64,0.49,2.79
12/31/20,4.15,-5.12,2.22,14.50,1.21,-1.09,-1.55,2.51,4.25,-4.36,4.38,-0.54,-0.98,-0.88,-1.37,-0.84,-1.61,0.77,-1.08,1.51,1.36,5.84,3.22,-2.15,-1.58,1.88,-5.22,4.26,3.04,4.81,-6.15,-3.24,-1.99,0.61,10.65,13.00,1.56,1.01,23.63,2.38,3.28,2.90,10.89,4.29,-2.28
01/08/21,13.77,4.25,1.21,1.68,4.82,2.47,4.55,0.47,5.56,5.28,3.07,2.27,-5.23,6.64,0.65,1.83,6.46,0.25,26.95,-1.26,3.82,3.67,1.69,6.30,-3.85,5.77,-3.73,6.32,5.13,7.51,4.30,-3.67,5.60,5.27,1.72,-2.65,-1.28,7.11,3.35,-3.12,7.51,3.62,5.18,-1.37,1.34
01/15/21,5.99,-2.69,-0.49,0.13,3.55,-7.67,0.50,6.74,-3.16,-3.44,-5.39,-5.18,5.77,-9.71,-0.31,-3.60,3.08,5.56,-10.05,-1.93,-1.41,11.48,0.16,-1.07,0.27,-5.80,4.36,-0.79,6.35,2.20,-7.96,2.03,-2.35,0.37,1.55,0.91,0.00,-4.14,-8.89,3.38,-4.17,-3.33,15.62,-4.06,0.64
01/22/21,2.34,-3.86,0.09,-4.44,-4.44,6.05,0.33,-6.81,-4.53,2.35,-1.52,-1.61,-6.18,0.32,2.23,-1.58,-7.23,-3.19,0.95,-1.81,0.40,-1.60,2.03,0.81,5.12,1.34,10.48,-7.82,-2.57,-3.67,-2.88,11.87,-2.01,-4.94,-3.89,2.25,0.65,0.08,-17.09,-5.85,-2.67,-1.07,-6.75,0.78,-5.68
01/29/21,-9.53,-6.65,-1.86,-4.25,-3.10,-5.92,-1.50,-3.70,-5.12,-1.95,-2.88,-4.63,-6.69,-9.48,-0.45,-2.63,-8.37,1.65,-0.49,-3.40,-3.68,-2.03,-0.26,-4.34,-2.72,1.72,-1.45,-10.85,-6.07,-5.52,3.30,-0.88,-6.96,-4.77,-3.33,-8.81,2.71,-4.48,-1.03,-2.61,-1.90,-4.02,-11.50,-2.67,-1.91
02/05/21,19.02,10.24,2.99,20.80,8.13,2.95,-0.51,3.12,0.60,7.73,9.04,4.53,13.67,4.29,5.92,2.40,7.66,6.48,6.98,3.86,7.44,5.43,0.81,1.12,1.56,1.22,9.39,14.23,15.43,-1.39,0.00,4.99,5.36,14.83,20.06,3.86,0.50,-0.09,14.51,3.18,-0.22,-2.72,6.67,7.72,5.29
02/12/21,-2.62,-0.90,2.99,-10.91,0.80,2.14,-1.19,6.59,3.98,2.37,1.48,5.04,-7.56,-0.92,-3.01,-1.98,6.27,9.44,2.32,0.32,5.12,6.24,1.30,2.83,-3.65,-3.63,1.78,16.19,4.98,-1.69,0.00,0.68,-3.40,0.24,-3.24,6.05,-1.00,1.54,-0.23,-2.20,3.27,1.15,4.59,3.59,-1.56
02/19/21,-3.78,5.31,-0.16,4.12,6.78,-6.07,-4.12,4.15,-0.57,-0.06,1.71,-2.11,8.60,-3.58,-0.30,-3.06,0.15,-1.74,0.13,0.00,-1.42,1.94,-2.16,-1.61,6.31,1.96,-5.53,1.43,-3.55,7.89,6.60,0.12,6.32,-1.74,8.38,-0.20,1.01,2.27,0.69,-1.10,0.34,-1.12,-13.00,-2.14,-3.33
02/26/21,4.46,4.52,0.05,17.95,4.63,-5.30,-0.89,1.67,-2.31,0.06,-2.58,-3.74,18.58,-7.52,-0.41,3.54,8.07,3.04,-1.15,-0.14,6.90,-3.54,-2.17,0.82,8.13,-3.91,-5.13,-2.33,-8.17,7.05,-1.60,-4.35,-2.84,-0.16,-2.85,-0.44,4.07,6.82,17.24,7.84,-7.61,2.35,3.85,2.93,-3.90
03/05/21,-2.06,7.51,4.67,10.18,2.53,0.39,-6.50,6.53,3.15,4.95,3.81,4.51,-0.99,-2.62,4.53,0.45,9.43,-1.10,4.76,2.09,2.69,-0.07,-1.49,-5.75,-2.83,0.45,3.63,-0.12,4.37,5.34,9.53,2.75,4.14,3.75,2.08,1.79,0.24,-1.85,-5.69,15.61,4.45,4.48,-6.88,0.50,1.71
03/12/21,-3.33,5.26,3.43,1.81,-0.89,-1.24,2.32,3.21,-5.34,3.25,2.68,1.03,5.30,5.03,4.48,1.33,0.76,10.68,-2.95,3.78,2.44,3.56,2.24,-1.72,4.82,12.83,2.24,2.63,1.89,-1.18,-4.07,-1.86,3.60,7.07,-1.68,-1.75,-0.49,-0.71,1.18,3.09,4.63,2.93,-3.03,3.77,0.07
03/19/21,-4.71,1.11,-3.04,-2.71,-5.28,1.84,1.89,0.02,4.23,-4.51,-4.66,-3.60,-3.14,3.59,6.10,-1.54,-9.28,-3.35,-6.19,-0.69,-0.66,1.37,0.28,-1.32,1.36,3.96,8.20,3.11,-0.67,-1.91,17.95,-2.29,1.13,-4.64,-6.22,-2.23,-2.20,10.18,0.55,-8.86,-1.46,2.69,-4.69,-3.05,-3.85
03/26/21,-1.93,0.20,1.38,-6.35,-0.86,-3.45,-2.78,-1.13,4.45,-3.04,2.63,1.19,-3.03,-4.98,2.68,0.22,0.00,4.78,-2.03,2.64,5.25,1.74,3.06,2.96,1.06,3.93,8.13,-3.90,-5.78,-5.60,-8.02,6.49,3.82,-7.13,-6.37,1.37,-0.25,0.43,4.50,-4.88,0.20,2.98,-6.56,-2.73,-1.28
04/01/21,3.55,0.57,0.61,4.62,3.13,3.11,1.37,-1.56,2.96,1.23,-3.84,0.39,4.56,-2.34,1.73,0.07,0.60,-1.94,0.85,-0.79,1.23,-0.49,-1.27,3.81,-0.28,0.22,0.56,-1.28,0.89,3.09,8.19,1.32,0.21,-0.17,5.97,1.35,0.00,-1.00,9.26,0.57,0.05,-2.50,9.55,1.64,5.20
04/09/21,2.67,0.92,2.47,1.08,-2.72,-0.98,3.61,0.91,4.32,3.97,5.40,4.28,-3.59,-0.04,-0.06,4.66,-3.88,0.57,10.19,4.70,2.90,5.75,-0.97,3.12,2.22,5.59,2.02,-5.53,-2.07,-2.50,0.00,2.44,1.75,-0.04,-0.79,4.44,2.88,0.86,12.41,-1.33,6.14,2.51,-5.51,-0.57,16.45
04/16/21,-6.27,1.87,2.31,-10.39,-2.75,3.02,1.65,1.26,-2.59,-0.43,2.02,4.02,2.32,3.51,0.29,-1.56,-1.80,1.01,-5.39,2.26,3.03,-5.14,0.61,-4.78,-2.07,3.31,0.34,-10.68,3.89,-3.85,-1.32,1.69,2.67,-4.63,-7.93,2.98,-0.49,2.50,-2.97,-0.12,-3.99,3.91,-6.36,-0.34,2.42
04/23/21,-2.11,-3.81,-0.10,-1.73,2.22,-0.84,0.72,2.77,3.72,-2.66,2.95,0.96,-0.90,-1.74,-5.42,0.43,-7.88,2.95,2.69,-3.28,1.29,-8.51,2.02,-3.98,-3.00,2.42,-3.56,3.77,-5.29,-0.13,8.67,-2.45,0.39,-2.11,-2.44,3.31,3.43,-1.60,1.81,2.86,-5.96,2.38,-3.96,-2.26,8.39
04/30/21,1.30,-3.56,0.90,6.50,-0.25,-1.03,-5.90,3.04,3.58,0.95,0.44,-1.26,5.03,-7.81,-0.27,2.15,2.62,-2.44,1.82,-0.65,-0.90,-2.89,-1.69,-0.84,0.69,-1.81,1.71,-9.28,-3.31,15.35,6.60,3.20,3.81,1.50,2.50,-0.40,5.21,-0.78,28.37,-3.50,1.19,-0.38,-1.42,1.64,0.00
05/07/21,1.38,3.44,5.97,19.77,5.12,-0.19,5.70,6.81,-0.49,3.09,-0.02,1.76,5.69,10.61,-0.40,5.53,17.33,2.87,1.42,2.58,4.28,0.85,3.55,4.41,9.89,1.74,4.30,-4.75,1.90,1.62,9.35,3.85,1.71,2.21,3.87,8.43,3.26,3.35,20.76,-1.04,1.98,4.73,-0.96,-0.63,5.58
05/14/21,-1.88,-0.46,0.03,17.55,-0.34,-1.08,7.73,0.51,-4.18,-2.20,6.09,-1.41,-7.35,-2.83,2.70,-5.37,0.48,-1.33,0.55,-0.21,-7.45,-4.02,1.02,-0.07,45.33,2.06,-7.72,-2.23,-3.32,8.31,-8.29,-5.02,-1.60,2.39,1.80,-1.48,3.49,-5.05,-11.82,-0.41,-2.94,-1.88,4.35,-6.03,2.32
05/21/21,11.91,-0.93,-1.10,6.18,4.27,1.52,-2.00,-0.56,8.10,0.19,2.01,1.20,-3.93,-0.36,8.04,-1.89,-2.60,-0.18,10.53,-1.83,-3.83,1.32,0.43,3.93,-8.32,-3.53,-5.13,6.06,10.45,8.62,1.87,-5.95,-1.65,4.76,3.39,0.00,-5.05,-0.66,-4.05,-1.44,3.01,0.45,-0.81,-0.75,-0.72
05/28/21,-0.88,2.28,0.82,-0.48,2.28,-1.02,4.26,1.19,0.33,2.31,-1.56,1.14,3.27,1.77,-6.37,2.66,-0.04,-1.66,-5.11,3.45,-7.68,1.85,-0.38,-0.93,4.36,0.67,4.67,-0.31,3.30,-3.19,-1.13,4.98,-1.67,1.39,10.76,-0.38,2.33,-0.15,-0.90,-1.89,4.64,0.07,2.10,3.63,1.40
06/04/21,3.26,0.47,0.69,2.85,1.45,0.76,5.23,2.06,0.16,-1.89,2.12,1.60,-7.20,-2.47,-0.50,2.31,10.32,1.63,2.16,-0.37,4.79,0.44,-1.94,-0.58,-2.61,-2.05,-2.43,5.26,-4.94,2.30,8.12,-1.58,-1.59,1.41,2.13,1.51,0.76,-0.15,1.65,8.75,-0.72,-1.52,11.43,-0.82,2.42
06/11/21,2.69,-1.94,-1.99,3.11,1.11,5.37,-8.54,-1.95,0.49,-2.05,0.28,0.92,2.61,-1.69,5.13,-0.34,-2.79,-2.03,3.10,-2.12,-1.17,0.84,-0.61,-0.36,2.14,-0.93,-4.00,0.54,0.57,0.39,-5.14,-2.91,1.55,6.79,-2.44,-2.60,1.00,0.67,9.84,13.01,5.36,-1.91,1.23,0.11,4.51
06/18/21,-11.64,-4.73,-4.08,-15.62,-2.33,-0.21,-2.55,-6.06,-0.48,-3.04,-0.55,0.68,1.00,-4.32,-3.11,0.34,-8.49,-8.36,-4.40,-5.63,-4.69,-3.77,-1.81,-0.51,-0.87,1.52,5.86,-6.15,-3.34,-0.19,-4.86,2.47,0.44,-4.71,-4.16,3.54,3.67,-2.65,-8.18,-1.60,-0.24,-1.78,4.96,-2.80,-6.74
06/25/21,5.88,1.73,1.55,1.48,-0.41,3.53,0.70,4.62,0.32,0.78,-0.68,1.17,-1.34,-2.06,6.64,1.03,8.87,2.01,3.25,2.94,3.63,0.43,1.38,-1.75,10.23,5.08,-1.10,0.32,1.56,0.29,-1.61,1.24,3.74,-0.72,4.96,-0.75,2.50,-0.45,5.97,2.81,1.73,4.00,2.22,3.44,0.63
07/02/21,-0.73,-1.42,0.21,1.00,-1.68,0.80,1.90,-1.04,5.82,-0.91,-2.86,-1.94,-3.31,-0.12,0.68,-1.42,-0.67,-0.20,0.00,1.18,3.33,1.52,2.90,6.40,3.04,0.66,4.69,-1.13,-1.47,-0.97,7.27,5.57,4.44,-0.38,-0.47,-1.89,-1.63,6.77,-5.37,3.04,0.02,1.09,-16.90,-0.70,2.38
07/09/21,1.96,0.58,0.48,0.83,-1.23,-2.16,0.68,0.87,0.31,1.70,3.25,-0.11,1.08,-0.60,-5.32,2.75,-5.89,-0.88,-2.39,1.36,-2.15,-1.36,0.46,3.22,3.26,0.25,-2.43,2.67,-1.39,-3.83,-0.97,-1.05,1.68,0.54,-2.61,-1.92,1.86,2.28,0.56,0.35,-3.47,0.67,2.61,-0.04,0.22
07/16/21,2.40,-4.58,-1.04,-0.23,-1.97,-5.72,-1.69,-0.29,-6.24,-2.83,-1.14,2.29,-11.70,-0.72,2.09,-1.27,-10.37,-4.94,3.82,2.67,-8.39,-1.82,-0.97,-3.86,-6.02,-0.16,-3.00,0.87,2.17,-2.45,5.59,-5.15,1.63,4.85,-0.37,4.31,-0.61,-0.63,1.72,2.05,4.89,1.84,4.65,1.28,0.59
07/23/21,-2.78,1.03,0.34,-3.54,2.98,-2.28,0.51,-2.78,-1.30,1.39,1.07,2.96,-1.26,-6.24,-1.48,2.37,0.25,1.73,-4.36,-0.44,2.47,-3.58,2.20,1.34,1.28,2.23,7.19,-4.87,-2.01,-4.61,1.72,6.88,3.26,0.63,-1.84,1.50,2.04,0.35,-0.51,0.84,5.19,-0.48,-11.53,-1.77,-4.52
07/30/21,6.84,4.42,-0.02,-7.04,-3.39,-0.40,4.95,2.29,6.09,0.85,1.17,0.33,3.98,9.80,-0.01,0.46,2.83,2.84,-2.57,1.95,2.38,1.36,0.24,-5.98,-0.47,-1.81,2.23,-1.82,-2.70,-1.98,-2.47,1.80,-2.75,1.21,-1.50,0.00,-0.43,-1.26,12.21,5.45,7.00,-1.31,-1.08,-0.07,-4.15
08/06/21,1.02,4.68,2.69,-3.20,2.28,1.82,1.46,1.20,1.24,2.85,-0.79,-0.96,0.50,-2.98,8.03,1.78,-3.29,2.55,-0.64,-1.76,1.56,1.02,0.53,1.70,0.16,-1.98,-1.05,2.77,2.05,-2.80,4.13,-0.18,-0.06,2.77,0.13,3.70,3.46,-1.41,-0.67,2.50,4.58,0.70,-14.15,0.63,0.03
08/13/21,-2.83,2.44,0.69,-3.39,-0.23,-3.97,7.21,1.76,10.57,-0.63,-2.11,-1.00,-3.88,1.39,-4.98,2.59,0.65,0.74,0.67,1.31,-1.06,-0.80,1.81,0.04,3.80,2.35,3.96,-2.76,2.68,-0.46,-7.30,0.76,-1.56,-3.90,-4.42,3.93,2.76,-0.50,-5.00,-3.71,9.32,-1.31,-10.99,2.23,-4.69
08/20/21,-8.71,-3.12,-0.72,-7.10,0.18,0.15,0.93,1.58,-0.83,-3.36,-5.86,-0.60,-2.25,4.74,-1.27,0.06,-9.54,-2.67,-3.94,-1.75,-2.72,-2.77,1.81,-1.05,-5.04,-2.60,-2.63,-5.48,0.91,-0.81,-3.31,-1.75,2.08,-3.04,-5.82,1.37,-1.53,-1.44,-11.12,-2.36,1.20,4.89,-5.38,-3.29,-4.19
08/27/21,1.05,3.61,0.21,4.84,3.45,11.14,-1.64,0.88,6.01,0.85,2.41,-0.91,1.25,1.24,-0.82,0.95,12.85,5.76,3.47,1.51,2.48,3.61,-3.05,2.34,3.38,-1.50,2.51,8.70,-1.36,-1.17,-0.29,-0.42,-2.39,1.57,1.54,-5.08,0.39,-3.22,-0.76,-0.47,3.37,-2.55,0.84,2.87,2.89
09/03/21,0.78,-0.59,-1.55,2.40,4.28,1.72,1.51,-2.67,4.41,2.28,5.08,0.38,-2.67,1.96,3.82,4.37,-1.63,0.39,2.01,-1.20,3.25,-0.71,1.22,-1.77,0.93,-1.72,-2.18,6.27,-3.23,2.83,-1.15,-0.75,-1.20,3.48,5.26,-4.29,2.71,2.95,3.60,-1.43,-0.34,0.98,20.40,0.48,0.92
09/10/21,3.94,-2.40,-1.47,0.36,-0.07,-8.20,-4.02,-3.06,-1.65,-3.44,-4.50,-6.71,-13.54,-3.11,-2.07,-1.80,-3.17,-6.78,1.15,-2.62,-5.59,0.62,-4.61,-2.26,-4.47,1.64,-5.56,1.42,0.09,-1.49,0.72,0.62,1.29,5.21,-1.31,3.36,-5.47,0.00,-0.20,-0.73,-0.56,-4.14,15.56,1.72,0.44
09/17/21,-0.16,1.36,-0.37,1.62,0.64,-0.28,-4.04,-0.26,-1.81,3.69,-0.79,-0.69,9.98,-3.49,-2.34,-5.55,3.79,-5.31,1.75,-1.74,-1.14,0.78,-1.33,-2.54,-1.13,4.60,1.54,6.98,0.43,4.43,-2.88,-1.20,1.18,2.29,5.73,0.36,-4.79,1.26,-5.69,3.18,1.31,4.02,33.13,-0.35,-0.04
09/24/21,1.80,0.56,0.41,-0.53,-4.86,1.08,3.88,0.15,-2.11,-0.95,-2.66,1.11,7.96,-2.65,5.76,0.84,3.60,-1.03,-3.57,0.32,0.76,-0.07,-0.24,-0.95,0.82,-7.29,-1.30,1.45,3.36,-0.56,-4.96,-2.32,4.37,-2.28,-4.53,0.72,4.19,-1.09,-4.61,2.26,4.27,-3.11,2.95,-4.07,1.22
10/01/21,2.55,2.25,-0.77,16.80,4.40,-1.83,-3.12,-1.57,4.57,-0.58,-0.80,-2.63,3.41,-1.02,-2.28,-1.79,6.10,9.02,-5.13,-1.62,0.65,-0.66,-2.37,-1.99,-3.40,-3.17,-6.26,2.47,6.19,14.25,-6.16,-3.38,-3.37,3.55,7.12,1.43,-2.31,-2.36,6.29,-1.62,-9.43,-3.60,-0.87,0.01,-1.59
10/08/21,3.25,3.87,3.11,-0.38,3.73,0.87,-1.13,4.62,-0.90,-1.68,-3.24,-0.46,-9.55,4.17,3.95,-3.26,7.45,1.44,3.05,0.95,-0.64,-0.09,0.29,-1.79,-3.69,-1.16,0.16,-0.94,6.02,-0.79,6.31,1.11,0.96,-0.14,-0.74,2.82,0.10,-4.00,1.70,3.52,4.99,4.08,-0.26,0.41,-1.03
10/15/21,7.30,1.36,-0.01,13.52,2.20,-2.49,2.28,-0.96,0.52,0.79,1.83,4.89,1.19,4.47,-3.26,4.25,8.65,2.16,9.97,1.39,1.40,1.21,0.23,2.49,1.22,2.28,3.76,0.38,6.20,2.87,2.03,2.65,3.07,6.69,5.58,-1.37,4.94,2.75,6.29,-1.35,-0.68,4.80,-5.45,-0.16,-1.05
10/22/21,-3.94,0.53,1.88,-6.80,-2.60,-2.83,-4.61,2.73,1.16,-2.61,-3.98,-1.71,-7.39,8.40,1.11,0.19,-0.46,1.39,-7.08,-1.50,7.74,-9.18,1.50,0.24,-7.04,2.86,3.48,0.92,-4.93,-3.18,1.38,-1.83,5.50,-8.42,3.29,0.69,-0.98,-2.07,-6.24,-3.59,6.14,4.93,-4.65,-3.99,-7.68
10/29/21,2.41,1.70,-0.65,-1.44,-6.59,7.45,-2.50,-0.61,2.04,-1.03,-0.38,2.68,4.43,-5.83,1.06,-0.39,-3.48,-4.62,-3.40,0.56,-0.46,-0.93,-0.51,0.56,-1.29,-1.99,-0.57,-4.14,-0.22,-2.39,0.00,0.40,-6.22,-2.56,-4.21,1.12,-0.59,-1.25,-1.25,-5.95,-2.59,2.52,-6.83,-0.21,0.16
11/05/21,1.83,-4.88,0.25,5.05,0.49,5.92,4.10,3.83,1.38,-0.07,4.65,1.93,5.49,4.38,4.86,2.01,-1.20,5.53,2.38,3.40,5.34,4.64,0.34,4.81,2.06,-0.75,4.36,8.98,-1.23,1.22,0.00,3.97,2.53,3.01,-0.48,-0.69,-0.70,2.38,7.22,0.56,2.85,-1.01,5.03,3.88,-2.18
11/12/21,0.41,1.52,-0.56,-9.07,3.06,-2.61,-1.81,-3.14,-3.58,-2.02,2.00,0.39,-9.01,7.84,3.73,-0.95,-4.54,-5.30,1.62,-1.20,-0.41,-1.20,0.97,1.15,0.92,2.56,3.78,1.64,7.37,-1.21,-10.27,3.23,1.71,0.66,-0.48,-1.04,-1.71,1.16,-1.58,-6.52,5.26,0.70,3.09,-9.11,0.02
11/19/21,-4.26,-2.22,-1.90,-4.45,-5.19,11.92,-3.01,-2.72,-2.17,-3.76,-5.03,-4.82,-7.16,-1.93,-4.36,0.19,-6.49,-1.71,-0.28,-1.75,-1.16,-1.57,-1.28,-5.22,8.55,-5.43,2.96,-11.48,-1.44,-5.19,3.37,-0.72,-1.97,-6.16,0.00,-2.46,3.27,3.21,-5.95,2.73,-1.18,-4.14,-3.48,-3.53,-5.93
11/26/21,-9.79,-4.87,1.05,-4.57,-7.02,-4.25,-5.52,-1.30,-2.75,-4.57,-2.09,-5.03,-9.98,-4.83,-3.88,-0.77,-1.77,0.28,2.09,-4.71,9.95,-1.49,-1.62,-4.79,-7.87,0.78,-3.94,-9.67,-7.67,-1.72,-8.31,1.44,-0.07,-6.14,-7.67,-2.88,2.77,-2.30,-6.24,3.10,-2.93,-0.02,8.82,-3.82,2.13
12/03/21,-4.02,2.75,-2.14,1.77,2.37,-5.29,2.19,-1.19,-0.94,1.31,4.69,0.73,5.68,-2.58,-0.90,-1.74,1.62,5.13,5.35,-2.26,8.59,0.96,0.11,-2.01,3.45,1.85,4.93,1.79,-1.89,-1.31,3.02,3.59,3.69,1.81,0.00,-5.19,-0.35,2.12,0.34,0.33,4.77,2.47,32.97,-1.28,-2.78
12/10/21,5.97,-2.23,3.90,6.69,2.84,2.34,3.93,0.43,2.58,0.84,0.66,4.11,-0.49,-2.51,3.57,1.97,8.98,1.05,5.19,3.10,-2.33,2.72,3.83,0.00,-1.93,0.57,4.09,3.71,2.74,-0.55,11.38,8.30,3.52,1.57,5.84,4.30,1.17,-0.45,7.93,6.88,0.61,6.43,13.57,4.44,1.67
12/17/21,-3.71,-0.91,1.91,-6.82,-3.04,1.87,1.20,-2.38,-3.84,2.80,0.21,2.56,-3.27,6.22,0.79,0.39,-7.61,-0.85,-9.72,-2.21,0.38,0.06,1.66,8.64,-7.35,1.35,-9.47,-10.44,-2.94,-1.67,-3.72,-5.04,-0.92,-3.33,-6.75,1.12,0.97,-1.57,0.04,-2.58,2.45,1.86,-14.27,-2.59,-1.68
12/23/21,-0.32,3.65,0.30,-4.99,-3.30,5.41,0.00,-0.58,3.16,2.87,3.14,0.71,10.74,-2.38,4.87,-0.45,2.71,4.51,0.10,0.02,2.95,1.36,0.01,2.91,4.84,1.51,5.87,-3.40,-2.62,-3.96,-0.64,2.62,0.50,-0.84,-3.03,2.59,0.00,1.29,-3.12,1.44,4.97,1.70,-2.92,3.27,-1.36
12/31/21,-0.29,-0.23,1.35,3.15,3.60,-3.08,0.51,1.42,3.47,0.36,1.27,0.67,-1.24,-0.02,-0.33,2.48,0.70,0.06,1.00,1.60,0.05,0.37,1.68,-1.91,1.48,-1.23,3.67,2.72,3.05,1.77,1.94,2.15,3.95,1.44,1.22,-2.53,2.49,0.67,-1.52,6.49,3.89,1.36,12.60,0.82,6.59
01/07/22,8.13,9.76,6.51,0.93,2.79,-4.64,-2.03,4.13,2.45,2.92,3.40,2.31,11.83,-8.18,2.41,-1.71,13.77,8.62,5.08,3.47,2.60,3.77,1.68,2.34,-1.09,3.31,-11.37,3.12,-1.00,4.17,6.35,-7.95,-3.40,3.38,4.29,4.81,0.93,3.05,4.53,-0.19,-4.88,-8.67,-1.76,1.90,-6.80
01/14/22,4.00,4.99,1.12,7.06,0.44,7.09,-2.41,0.76,-4.40,-4.15,3.16,1.19,2.22,-1.49,-1.84,-2.52,10.45,2.51,-0.95,0.88,-0.60,4.23,-3.51,-6.25,-2.21,-5.81,5.06,7.29,6.27,0.11,-0.75,5.13,-0.50,2.79,3.47,-4.59,-0.74,-1.87,-3.35,5.70,2.11,2.20,-15.56,-3.73,-1.85
01/21/22,0.47,-7.55,-5.50,-6.44,-4.10,-6.17,2.65,-4.25,-3.55,-8.59,-4.96,-1.66,-1.16,2.82,-2.10,-1.86,-4.18,-8.09,-1.14,-5.77,-9.27,-6.57,-1.77,-4.47,-1.32,-0.97,-11.88,-5.91,-0.74,-1.89,14.29,-9.85,-6.33,-5.15,-3.73,0.00,3.54,-0.29,-5.27,-11.25,-8.34,-1.60,-6.67,-9.58,-7.26
01/28/22,-5.31,-1.18,2.44,-3.02,0.33,1.78,-7.06,2.59,-12.55,-0.16,0.05,-6.96,-1.53,-23.92,0.52,-0.41,13.87,-0.06,-3.30,-1.52,4.13,-8.28,4.20,-3.40,-2.48,1.29,-1.59,4.35,-0.54,5.32,-1.58,1.01,1.20,-1.33,5.42,-5.56,-1.80,-2.65,-5.02,-7.71,-11.52,1.06,-9.24,0.91,-3.40
02/04/22,4.01,1.89,0.74,1.64,-1.83,2.87,0.74,3.63,0.31,0.79,0.69,2.40,1.36,-1.17,-3.33,0.00,1.85,4.40,4.54,-5.19,3.58,1.35,-0.09,-1.23,-6.45,-5.09,-3.34,-5.04,-3.27,2.04,-0.13,1.31,0.45,0.63,1.47,2.75,0.92,0.30,7.91,3.43,2.67,3.67,4.81,2.45,3.29
02/11/22,-2.39,2.74,1.27,-4.26,-0.40,2.57,-2.57,-0.45,6.22,0.08,-0.05,0.97,12.60,-0.32,-4.89,0.00,4.95,2.14,-0.70,-2.36,-0.72,-0.79,-2.28,0.98,1.04,2.55,1.37,0.68,1.50,-3.06,1.74,-4.50,3.38,1.25,-3.98,6.87,0.55,-1.06,-3.28,-4.06,-1.65,-1.04,-4.59,5.25,-4.14
02/18/22,-4.89,-7.25,-1.48,-5.07,1.08,-6.65,-2.26,3.67,-3.51,-3.61,-2.96,-3.08,-4.48,10.19,-7.78,-3.66,-3.76,0.76,-3.07,-2.60,-3.03,-5.44,-1.96,-3.09,0.21,0.50,-2.30,0.68,-0.36,-7.17,-1.84,-0.82,1.30,-2.47,-5.28,-5.91,-2.35,-3.05,-4.77,-1.74,0.94,-2.16,-1.30,1.26,-4.08
02/25/22,-6.72,-1.18,1.50,-9.83,-9.92,-8.08,5.41,-0.51,-2.12,-3.74,-3.36,-11.92,-7.15,4.05,0.96,0.14,0.84,-7.56,-2.16,4.09,-4.83,5.93,1.62,-4.19,-4.54,-7.18,1.57,-6.13,-5.06,-7.38,-2.14,-1.57,-3.29,-3.25,-7.16,0.77,-3.89,-0.63,-5.37,-4.67,-3.35,1.70,-3.47,-1.21,-5.28
03/04/22,-10.26,-15.03,1.69,2.18,3.60,-2.15,20.51,-1.39,-3.41,-9.30,-14.05,-26.26,-24.10,3.98,-6.08,-5.20,5.31,2.50,3.50,-0.60,5.52,0.75,2.10,-14.18,-7.99,-10.91,-1.86,-5.33,-9.36,3.03,-3.15,0.05,2.96,0.51,-1.14,-10.31,3.47,-1.35,6.55,-2.76,4.61,4.81,0.39,-5.89,-2.81
03/11/22,0.05,2.74,0.48,5.49,3.89,-0.45,-1.27,-1.23,8.99,8.01,-0.89,2.32,1.89,-1.59,0.56,8.45,9.61,1.53,-2.55,-2.77,0.54,-4.66,-0.08,5.10,0.70,2.47,-2.88,4.91,0.49,7.48,-12.31,-3.40,0.15,3.16,4.77,0.21,4.23,4.49,2.05,0.23,2.29,-2.87,1.06,-6.37,7.10
03/18/22,8.07,5.88,4.73,-0.96,0.59,7.49,0.31,5.68,5.45,2.16,8.99,5.80,11.21,0.93,-0.89,0.68,-3.66,2.96,-0.96,6.85,2.20,3.53,3.24,9.92,2.56,7.60,6.90,8.67,8.01,-5.59,3.55,4.97,2.20,3.42,-0.69,1.91,1.27,5.30,-1.51,0.78,0.33,4.81,-1.63,6.49,0.61
03/25/22,-0.83,-1.92,5.06,0.49,-1.11,-3.24,2.02,7.00,4.61,2.37,-2.49,-6.16,-4.12,0.60,-4.55,0.34,7.94,2.93,0.31,1.58,7.41,9.23,1.19,-1.73,1.14,-10.25,-10.55,0.16,-3.76,0.60,14.33,-6.43,1.94,-1.25,-1.81,0.00,2.50,3.57,5.10,0.81,2.69,1.37,-1.56,-0.83,-3.80
04/01/22,4.93,-12.11,-2.08,4.26,3.90,0.32,-1.67,0.86,-1.20,1.60,2.83,-1.91,7.47,0.27,-0.95,0.00,-0.82,-7.13,3.07,-0.89,-10.64,-7.18,0.72,2.15,-3.93,-2.35,-0.54,4.55,8.01,3.49,-1.09,-2.93,-5.11,1.04,2.69,4.58,1.22,2.54,1.51,6.23,-2.91,-0.09,-0.10,-1.54,-1.31
04/08/22,8.44,-1.66,0.23,5.11,2.82,8.48,4.95,-0.13,-5.54,-1.90,-3.55,1.82,-5.73,4.76,3.77,3.04,3.53,-1.17,5.71,-2.99,8.51,-2.27,2.21,1.05,-6.20,0.15,-9.00,5.90,3.77,16.96,-0.83,-5.24,10.34,4.91,3.99,-0.40,0.52,0.89,8.57,8.99,-2.53,6.51,10.89,-3.74,4.25
04/14/22,-1.20,0.87,-2.38,-3.36,-1.47,-3.54,1.77,0.22,0.14,0.42,2.93,-0.94,9.75,3.24,2.32,-0.26,2.05,-4.47,4.01,2.65,-3.00,-2.87,-1.22,-0.76,0.37,-0.08,2.47,3.91,0.99,4.57,2.62,0.97,-3.07,-2.91,-2.91,-0.80,2.92,2.38,-3.92,-3.54,-2.71,-2.04,-7.14,-1.06,-1.27
04/22/22,1.10,0.58,-2.13,-1.37,3.80,-2.95,-7.53,-1.11,1.71,-1.76,3.78,2.62,-1.01,-4.23,-0.63,-3.23,-7.53,2.41,-2.13,-2.34,-1.81,1.90,0.91,-1.75,-3.60,-0.89,0.27,-2.89,6.32,32.57,-0.85,-1.21,-0.86,0.47,-3.27,-1.21,-1.50,0.07,-4.74,-5.26,-7.33,-2.60,-4.52,-9.35,-3.44
04/29/22,-1.40,1.02,-4.17,-2.41,-7.73,1.06,10.02,-10.24,3.65,-5.13,-2.73,0.80,-1.30,3.23,-0.63,0.88,-5.49,-2.16,-6.64,1.51,-0.43,-6.34,-0.59,-9.63,2.19,-1.05,-0.17,3.68,0.18,5.66,1.42,2.18,-14.30,-0.88,-1.13,-3.27,-3.05,1.06,-4.63,-11.21,-3.86,-2.38,-4.23,-5.61,-0.11
05/06/22,-6.25,0.30,-1.00,-3.13,-1.68,-2.57,3.84,3.10,-3.93,-7.66,-2.48,-5.47,-9.02,-0.21,-5.60,-2.97,4.86,1.82,-5.28,0.99,1.26,2.46,-2.27,-3.09,-3.53,-6.44,2.68,-4.26,-2.98,5.56,-2.80,0.90,0.31,-4.16,-3.42,-1.27,-2.97,-1.18,-7.03,-5.40,2.78,-1.76,-4.42,-1.20,-3.94
05/13/22,2.85,1.16,-3.02,-9.22,-5.59,-1.93,-3.29,-0.18,-5.27,4.88,8.55,14.11,-2.29,-6.51,-2.65,2.99,-3.35,1.66,-6.66,-0.47,-0.84,-1.58,0.27,-1.16,0.26,7.72,-2.27,-5.13,-0.62,-13.04,-4.32,-2.76,4.47,-6.69,-13.44,-3.85,-0.36,-0.45,-11.40,-7.10,-6.91,-2.85,-8.36,-2.68,0.84
05/20/22,6.24,1.57,-1.83,14.79,-1.23,2.56,-2.69,-3.37,-5.15,0.37,0.88,-4.42,3.75,8.43,-0.71,1.69,1.66,-11.22,3.34,-1.95,-5.79,-4.47,0.07,-1.00,-0.91,0.06,-3.02,2.37,1.76,36.93,5.12,-0.73,-9.92,3.42,2.22,-1.33,0.90,2.50,4.14,2.13,-5.88,0.07,9.72,-4.57,4.83
05/27/22,7.64,11.56,4.86,-3.76,-3.17,1.57,4.95,5.28,0.32,2.13,2.22,3.97,2.82,2.24,7.83,4.29,12.70,11.51,0.71,3.48,11.83,6.96,2.97,5.56,4.34,7.66,9.04,0.70,5.37,-14.46,-0.57,4.82,13.06,0.18,1.67,4.50,-3.04,14.63,-10.60,-0.35,-0.71,4.40,-2.30,6.74,4.62
06/03/22,-0.46,-1.51,-2.30,-1.08,1.78,-4.30,0.00,-1.62,0.00,-2.18,-0.82,-2.99,-4.62,-4.11,-1.42,0.19,1.73,-4.50,1.15,-0.78,2.74,-2.60,-2.58,-0.73,-3.15,-2.18,-1.21,8.63,7.91,8.70,0.29,-0.89,-2.43,2.29,3.61,4.96,0.37,2.88,1.95,-2.37,2.17,-4.24,3.36,-0.59,-2.86
06/10/22,-1.29,-4.77,-5.96,-1.58,0.90,-3.11,-6.10,-5.10,1.91,-4.64,-1.31,0.26,-10.88,-2.68,-2.50,-3.71,-3.48,-4.84,-3.34,-4.38,-10.82,-9.70,-2.19,-7.51,-5.21,-5.77,-7.16,-1.18,0.86,39.33,17.53,-5.75,-3.83,-2.38,-2.06,-1.44,3.49,-0.17,-3.17,1.33,-3.28,-0.20,-1.08,-8.53,-1.13
06/17/22,-4.50,-2.43,-8.33,-10.14,-9.03,1.33,-7.09,-4.36,-8.91,0.39,-3.56,7.17,-3.36,7.14,-8.91,-3.12,-21.73,-5.69,-7.82,-3.53,-4.90,-5.64,-1.79,-6.72,-6.73,-1.63,-13.19,-7.03,-3.82,-21.27,-3.67,-11.35,-3.41,-8.17,-5.99,-9.04,-2.67,-3.14,-6.48,-8.24,-13.08,-6.38,-10.08,-5.09,-6.44
06/24/22,6.34,1.94,3.54,1.79,2.21,14.16,0.79,2.22,0.51,1.94,4.25,-0.82,-9.63,-1.85,0.07,-2.40,-2.34,4.77,-7.66,0.18,5.01,4.44,7.57,5.04,4.27,1.00,11.30,3.62,7.44,-11.58,-4.82,9.45,8.92,3.84,3.94,-1.41,-3.89,-1.10,-0.73,5.96,1.65,9.64,6.33,3.65,5.35
07/01/22,4.54,-3.61,-0.37,0.22,3.43,-2.15,0.95,3.31,2.22,-2.95,0.51,2.73,-4.56,-3.76,0.01,-1.62,1.55,-7.82,0.34,-2.73,-9.54,-5.88,-1.52,-11.59,-2.68,1.48,3.71,0.79,3.39,-2.45,1.07,2.94,-0.47,3.16,-0.34,-3.33,0.39,0.82,2.79,1.29,3.02,4.39,-2.52,-1.68,2.37
07/08/22,-1.50,-0.81,1.43,3.07,2.21,4.75,1.25,-1.43,-3.67,0.20,-2.80,2.35,-0.13,-9.80,0.14,1.71,-5.06,1.77,6.26,-1.01,0.75,4.54,-0.69,0.35,4.50,1.54,5.59,10.55,2.19,-11.83,-1.06,4.84,3.43,2.74,4.07,7.88,0.00,1.28,2.43,4.25,1.55,0.24,-0.94,-0.29,1.02
07/15/22,1.34,-1.09,-0.82,5.21,-4.07,-2.18,2.31,-5.28,13.00,1.08,-4.15,4.47,-0.61,-5.50,3.94,0.35,-6.64,0.61,8.52,-0.31,-1.40,1.66,-0.03,-1.47,2.36,-0.52,-0.38,0.68,4.62,-1.18,2.93,-0.17,3.85,-1.29,-1.14,-4.11,-1.34,1.77,-3.21,1.00,-5.07,2.14,3.32,-0.69,1.46
07/22/22,1.45,5.02,2.68,6.87,2.64,-2.12,4.68,-1.38,5.37,4.45,3.73,0.86,1.34,3.78,4.23,3.92,-1.44,3.77,4.49,5.02,2.56,1.50,-3.43,1.71,4.07,6.42,6.39,7.93,0.62,1.90,27.20,4.34,0.73,3.58,4.79,0.95,0.58,2.59,8.73,7.61,8.62,-1.57,2.53,7.90,-5.55
07/29/22,1.33,-0.42,5.15,1.80,3.12,0.96,-0.29,-12.17,0.00,2.78,5.09,3.42,5.35,10.06,-3.54,-0.34,6.70,3.41,-2.70,6.06,2.83,-7.37,1.39,-12.12,-0.39,-2.56,2.31,-11.47,-1.32,0.55,3.87,-3.50,2.24,4.18,-1.26,-2.36,4.64,3.23,5.51,-1.18,2.00,4.01,-1.79,3.29,-0.51
08/05/22,-2.82,4.34,-2.69,-4.09,1.79,11.35,-2.46,-0.08,3.49,2.16,-3.94,-5.07,0.13,-4.56,1.89,-2.84,-5.15,0.84,0.91,-0.10,0.57,-1.54,-1.95,1.52,-0.65,-3.67,-0.32,4.63,6.13,-1.24,8.33,-0.76,0.77,2.46,6.86,3.38,3.16,-7.17,0.52,5.33,0.91,-1.34,0.11,0.50,3.15
08/12/22,1.52,6.03,3.00,2.52,-0.71,-0.78,-2.22,7.27,2.25,0.97,4.89,5.86,1.93,6.94,2.98,2.71,6.33,3.06,0.55,4.99,3.19,2.03,-3.40,0.17,0.13,-0.08,4.18,0.74,1.90,4.52,0.08,2.18,3.18,1.56,-0.60,11.92,0.55,1.03,5.16,-0.61,0.73,1.61,-0.80,14.01,8.31
08/19/22,0.65,-3.68,-1.22,2.17,3.13,-2.35,-1.70,-0.43,-9.49,-3.58,-1.43,3.66,-6.04,-2.67,1.14,-4.26,-0.54,0.41,2.32,0.34,-1.21,-2.02,2.43,-7.18,-2.63,-3.62,-5.02,-1.32,-1.63,-5.85,-5.65,-4.07,0.68,-1.53,0.15,-7.52,-1.63,2.10,0.25,2.73,3.51,0.85,0.92,-1.18,0.19
08/26/22,0.98,-1.92,-2.45,6.93,-2.72,-1.97,-3.26,-2.94,-6.99,-6.79,-8.14,-5.53,-7.57,-0.22,2.19,-3.39,5.82,-7.40,1.86,-4.22,-8.30,-5.71,-2.32,-9.81,-4.86,-4.04,-4.19,6.30,2.80,3.32,-4.67,-1.13,-5.13,1.52,6.90,-0.68,-3.13,-2.77,-0.12,3.85,-1.63,-3.48,3.98,-5.05,-1.33
09/02/22,9.47,4.03,-4.19,2.51,-2.16,-1.51,-3.53,-3.98,-5.56,-0.68,-3.62,-0.38,1.58,-4.72,-2.22,-3.51,-3.50,-3.78,0.02,-3.20,-11.95,-6.41,-0.93,-3.44,0.43,1.87,-3.06,1.14,3.28,-0.62,-5.96,-3.12,0.56,-2.10,-1.26,-6.82,-1.52,0.46,-3.00,6.59,-2.69,-2.44,-1.86,-2.52,-3.48
09/09/22,1.80,0.12,2.84,8.26,5.14,3.67,-0.50,4.00,-4.72,0.98,4.43,-0.23,-0.19,5.02,3.41,1.36,-0.76,2.34,1.44,2.57,2.24,0.77,1.82,7.29,3.25,3.24,2.50,7.49,-1.12,-1.10,-1.36,4.17,2.61,0.22,10.80,2.93,-7.90,2.87,3.66,0.31,6.64,1.87,6.47,3.58,1.39
09/16/22,-3.60,1.36,-3.56,-6.80,-5.12,-5.08,-4.34,-2.59,-2.57,0.39,-5.13,-2.44,-3.59,0.19,-5.94,-0.90,-4.96,-2.76,-2.88,-7.48,-2.75,-7.06,1.14,4.34,-3.01,2.15,-5.05,0.80,-3.87,-1.95,5.50,-4.18,-3.82,-1.98,1.54,2.37,0.52,-10.32,-1.77,-3.71,-8.19,-0.63,-3.87,-6.02,-3.67
09/23/22,-0.72,-5.42,-2.42,-2.44,-2.89,-3.82,-0.35,-5.55,-5.84,-1.54,-5.47,-0.52,-11.39,-5.45,-0.25,-6.34,-12.81,-6.89,-0.96,-3.37,-6.90,-5.88,-0.53,-8.91,-2.97,-2.55,1.69,-14.09,1.66,-10.01,-6.52,-0.69,-0.76,-3.21,-3.66,-11.81,-6.97,-1.42,-3.10,-3.07,0.08,-1.42,-2.29,-8.08,-1.14
09/30/22,-4.23,-10.85,0.49,3.19,-2.26,-0.08,-0.53,-2.64,5.20,-9.07,-4.38,-0.84,-3.33,11.45,-4.09,-7.57,0.16,-1.48,-4.02,-2.57,-1.70,-6.36,-2.02,-6.89,-1.16,-8.55,-3.27,-4.78,-0.20,-6.39,-1.16,-1.74,2.20,-5.08,-4.19,5.51,3.69,-1.88,-1.79,-1.35,-2.60,-1.67,-2.01,-5.20,8.47
10/07/22,4.59,-0.57,-0.11,6.68,0.82,3.99,13.73,4.88,0.95,2.10,4.83,0.63,-0.67,2.39,-1.95,-3.75,23.52,4.01,7.69,2.66,0.48,-0.19,-1.93,-1.58,-1.77,-5.06,4.78,8.53,-2.32,2.44,-0.94,6.72,1.05,0.43,0.27,7.46,-4.75,-1.28,5.67,5.94,1.55,-0.04,3.53,3.00,9.06
10/14/22,-7.33,-0.46,1.66,-3.68,-3.07,-1.02,-8.51,5.44,2.45,-0.61,1.16,4.30,4.04,-10.84,-1.09,-3.89,-3.29,1.04,-0.83,1.60,1.60,0.74,2.66,-0.33,-3.30,3.50,-5.49,3.41,-0.73,-4.28,2.76,-7.27,2.97,-2.76,-2.18,-5.79,-2.38,-0.78,-3.95,-4.47,-0.42,1.64,-6.48,-2.79,-2.45
10/21/22,-3.35,1.55,3.49,6.10,0.10,3.16,-0.85,0.19,-0.18,4.46,1.06,-3.42,4.77,2.25,0.60,3.58,15.20,6.99,-1.52,4.97,5.31,4.09,2.58,10.88,-6.98,-4.23,-0.04,-0.82,2.16,-0.34,-0.24,2.56,1.66,3.33,13.67,2.70,-2.32,2.68,-0.06,3.93,2.12,4.01,2.47,8.04,-0.35
10/28/22,4.27,0.97,5.79,12.57,1.68,-3.60,5.29,3.27,3.87,5.12,3.37,-3.54,2.37,0.81,-0.02,5.19,6.11,6.83,0.80,12.10,4.70,7.79,3.65,3.90,2.83,5.59,11.73,-0.19,4.33,-2.24,11.22,5.65,12.40,7.87,5.64,0.96,6.89,4.20,1.35,2.32,0.64,3.28,-2.06,3.83,4.77
11/04/22,-1.61,4.83,-4.40,3.47,-0.54,-4.93,-1.46,-2.63,1.24,2.38,2.08,2.62,8.37,4.42,-0.92,-0.69,7.04,-0.97,1.98,1.42,0.86,-1.74,-1.94,1.45,-5.83,5.16,-2.96,6.03,2.05,-2.91,0.21,-2.65,-2.46,2.77,-3.02,4.73,3.00,1.59,6.53,4.45,0.55,-2.37,-1.52,-6.01,2.40
11/11/22,0.68,3.06,8.58,-2.11,2.29,-0.40,-2.47,10.32,5.95,12.09,7.16,6.29,15.87,14.61,-2.43,6.45,0.68,7.30,2.58,2.85,7.99,7.91,-1.30,20.51,3.79,8.79,10.58,1.74,-3.81,-2.00,1.50,7.92,-0.02,2.91,7.19,1.61,-0.76,-1.62,1.73,1.73,2.22,-2.99,0.95,-4.59,-2.47
11/18/22,-2.00,0.00,-0.16,-4.97,-1.46,7.49,-0.51,-2.93,-3.14,-7.16,0.49,-1.24,-5.96,-0.09,-1.63,-1.31,-5.24,3.14,9.13,0.85,-3.50,-1.84,4.11,-4.96,4.98,-0.04,-3.77,-8.86,-4.65,-0.93,11.81,-2.20,2.78,3.78,2.46,-2.26,-1.74,3.85,-5.73,-1.76,0.25,1.52,-1.77,-3.38,-6.47
11/25/22,2.73,0.53,2.22,15.91,6.73,9.75,4.75,2.78,6.83,3.43,3.86,2.46,4.38,3.47,5.52,1.49,-0.95,0.38,-3.42,2.57,2.27,-1.77,1.24,7.05,0.32,0.65,1.97,5.12,2.72,6.74,-0.94,2.42,2.11,11.83,16.79,-2.78,4.00,0.29,3.35,0.22,1.76,1.44,-3.24,7.70,0.15
12/02/22,-1.82,-1.41,-0.27,10.49,5.12,8.91,-1.78,0.53,-0.80,0.74,2.22,-0.73,-3.31,0.02,6.44,-0.25,6.90,5.43,2.78,-0.44,-1.69,0.24,0.93,-0.15,2.05,0.69,2.22,7.71,0.30,4.03,-0.48,4.20,0.29,2.05,0.84,0.00,-1.62,1.23,4.08,1.94,3.21,0.04,2.73,0.57,3.42
12/09/22,-1.58,1.70,-3.02,-5.58,-0.81,-3.06,0.00,-4.08,-9.02,-5.48,-0.04,-1.92,-2.02,-2.41,6.49,1.15,-14.79,-3.24,3.80,-3.40,-4.82,-3.98,-1.76,-0.08,-4.32,-3.13,0.23,0.46,0.09,-2.70,6.22,-0.83,-3.57,1.94,4.17,1.19,-2.09,-8.29,-2.54,-3.87,-7.09,0.57,-3.86,-6.08,-1.96
12/16/22,-1.77,-3.17,-1.81,-5.38,1.03,6.16,-0.99,-2.84,4.78,-0.19,0.33,-2.71,-8.42,-2.24,-4.96,1.30,8.60,-2.44,0.88,-0.89,-4.42,-4.67,-0.04,-2.95,-3.23,-5.34,4.18,1.74,-1.11,6.75,2.70,3.60,-1.94,-0.32,0.89,-2.59,-3.37,-2.59,-2.25,2.53,-1.41,-2.87,4.39,-3.53,0.11
12/23/22,-2.37,2.15,1.93,-8.59,-4.96,-3.95,-2.33,2.19,6.42,2.03,1.65,0.75,-3.02,2.13,-8.14,3.68,9.04,0.70,-2.08,1.97,0.15,-3.08,1.03,1.68,-2.00,1.49,-1.71,-5.79,-2.03,-14.68,-0.88,-3.55,2.68,-6.78,-12.42,3.62,-2.79,1.69,-9.56,-7.04,-2.45,1.45,-7.69,-2.30,3.03
12/30/22,4.06,0.49,1.15,7.10,1.75,-0.81,1.36,-1.98,2.70,-0.57,0.64,1.15,-4.73,3.35,1.34,-1.38,0.67,1.33,3.00,0.20,0.41,1.30,-0.47,4.48,0.85,1.72,-0.13,6.46,1.90,6.65,1.77,-0.70,1.26,6.90,13.58,-2.56,1.20,-0.89,10.51,5.37,2.07,-0.21,2.86,-1.28,-0.08
01/06/23,3.00,8.57,2.83,3.22,4.30,5.04,-1.01,7.18,2.16,7.35,2.73,0.25,14.66,7.01,4.67,0.48,2.19,7.21,3.40,-1.88,5.55,8.70,2.04,6.85,7.08,7.37,5.70,-0.43,1.25,-1.34,-0.87,3.99,-0.18,11.49,-0.09,0.24,5.44,0.58,4.00,4.09,-2.95,-7.58,-1.39,8.10,2.54
01/13/23,-0.41,5.02,-0.19,-1.28,1.45,3.69,-2.55,-0.90,-10.14,-4.98,-0.95,-2.50,15.88,-1.66,-0.87,1.90,6.09,-3.86,4.74,3.02,-1.59,4.80,-3.78,2.89,2.68,4.77,3.30,0.51,4.98,4.61,9.65,4.07,-3.21,-2.86,0.71,-0.72,6.39,-1.92,3.49,3.89,1.68,-0.09,-6.16,5.83,2.50
01/20/23,-2.04,-1.28,-2.36,0.12,-0.94,-1.75,-1.39,-5.54,6.23,-12.22,-0.99,-0.62,4.34,-3.44,-2.24,-0.31,-4.62,-3.04,1.12,-6.73,0.00,-2.96,-2.70,-1.64,6.60,-1.66,-2.16,-0.19,-0.97,0.17,-0.40,0.64,-2.71,-1.54,0.35,0.96,2.42,-0.46,2.98,-2.36,4.46,-0.58,-0.68,4.10,-0.83
01/27/23,3.57,4.13,0.08,-9.28,-2.81,5.89,-0.35,2.64,-6.34,2.35,-1.15,0.50,12.71,-6.24,-3.27,0.70,-0.42,1.19,-1.63,3.02,4.73,-3.63,-0.30,4.60,1.29,4.13,4.44,-3.75,0.42,-0.26,5.62,1.95,-2.80,-9.34,-10.88,-0.48,2.26,-0.39,-3.88,-6.67,-1.68,-0.14,-11.71,5.86,-1.68
02/03/23,3.08,1.54,-0.69,2.25,-2.98,-4.32,0.00,9.17,10.83,4.64,1.42,3.27,-2.17,-4.93,2.22,2.63,-4.81,1.18,3.59,-2.61,4.38,7.67,-2.15,-1.53,2.27,5.44,4.17,7.67,5.11,-6.74,-1.90,3.11,3.07,3.74,1.97,-0.48,-2.82,-1.97,-2.22,-2.34,-1.76,-2.89,7.49,1.07,0.87
02/10/23,-4.29,-1.55,1.18,0.53,2.19,-2.44,3.19,8.74,-5.80,-0.20,-2.26,-3.97,-6.51,-3.21,-1.06,-3.91,1.17,0.67,-4.71,-1.10,-1.77,-7.14,-1.49,-2.03,1.11,-4.22,-2.78,9.12,-1.65,0.09,2.33,-3.85,3.83,3.04,-1.06,0.48,1.24,2.01,-1.74,0.52,0.57,4.71,14.37,-2.39,9.00
02/17/23,1.09,-6.58,-1.03,-3.92,-0.63,-1.05,-1.37,1.49,1.62,0.30,2.97,10.47,9.12,1.59,-1.65,-0.23,-6.46,-0.49,-1.80,0.47,0.63,-0.68,-0.39,-3.59,4.53,2.55,-2.76,-1.02,-1.75,0.00,3.03,0.39,5.78,1.75,-3.02,6.59,-1.18,-0.99,2.01,0.59,10.91,0.98,-8.25,-2.63,-0.53
02/24/23,-5.04,1.17,-1.21,-5.52,-4.28,-5.76,-0.17,-4.39,3.67,-1.39,-0.46,0.95,-5.79,-4.28,-0.21,-2.43,1.34,-4.65,-1.28,-4.15,-3.12,-8.95,-2.76,3.65,3.29,-4.47,-3.28,-2.23,-4.53,-5.56,-9.56,0.67,-4.72,-0.07,-4.33,4.57,-2.21,-0.86,-3.77,-3.04,-0.92,-2.96,-6.64,-4.68,-0.80
03/03/23,2.58,0.53,2.50,9.21,1.15,-0.85,0.35,-0.32,1.69,1.01,-0.07,2.21,5.89,0.86,0.23,2.33,5.60,-2.05,-2.47,2.49,-2.09,5.01,-1.25,3.73,-4.58,5.95,1.85,-1.13,-0.97,0.20,15.04,2.23,0.75,7.22,8.90,6.55,-1.18,8.58,5.79,-0.26,-2.96,-1.19,2.22,0.84,1.29
03/10/23,0.14,-8.20,-2.70,3.03,1.46,-10.58,-1.04,-7.01,-0.45,7.59,-3.36,-1.42,-0.28,-6.86,0.27,-5.90,-11.21,-6.22,-2.31,-1.77,-3.14,3.11,-1.56,-5.33,-7.73,0.81,-0.24,-3.47,-3.27,15.26,-8.48,-0.22,-2.16,7.67,-3.55,-4.92,-4.79,-2.22,0.38,0.06,-2.24,-3.46,-1.88,-7.48,0.36
03/17/23,-3.93,-11.35,-3.84,-0.91,7.86,1.30,-1.93,-6.17,-4.41,-16.81,1.92,-1.30,-8.52,-1.69,-4.69,-2.67,-13.26,-0.78,2.48,-4.49,2.15,9.52,0.51,-7.24,-3.03,-6.16,6.28,-3.65,-4.48,0.31,-5.02,5.11,-2.69,-6.67,-3.98,-5.17,-2.75,-4.92,0.58,-1.26,6.15,1.99,-5.61,-0.40,0.50
03/24/23,-1.36,-4.06,2.33,-5.77,-1.78,-1.01,0.30,1.61,0.95,0.23,3.07,3.02,1.43,3.18,1.67,-3.35,-1.17,0.92,3.51,1.91,-1.14,-1.51,0.18,-0.23,-2.83,-4.97,0.23,-6.55,-1.84,-10.93,2.03,-1.64,1.62,-5.10,-4.96,4.32,-4.24,1.66,-5.86,3.26,-2.21,1.38,-1.88,0.94,0.77
03/31/23,1.13,8.89,2.77,-2.41,-0.33,7.16,0.72,5.14,-2.68,2.85,4.24,1.42,10.94,1.83,-1.10,3.46,6.89,11.95,-1.32,1.57,5.88,11.27,1.54,2.96,4.60,1.91,1.32,5.17,0.73,-0.08,0.00,2.94,4.71,2.57,2.50,2.83,7.00,0.20,0.70,1.73,0.03,-0.71,-7.18,6.43,2.29
04/06/23,-1.90,3.99,2.66,0.71,-3.55,2.43,2.88,-0.21,-3.24,-2.77,-0.76,3.62,-3.99,5.60,4.85,6.87,3.38,-0.44,6.08,-0.35,-0.20,0.43,6.55,-2.80,-1.32,-5.93,-2.90,8.80,1.10,3.12,1.99,-1.87,1.43,3.76,1.05,5.08,3.90,-0.85,-1.01,1.19,-0.84,8.51,7.56,-0.16,0.51
04/14/23,1.14,4.13,3.76,1.67,0.09,-0.59,1.75,-4.57,1.67,3.94,1.94,1.05,-1.93,-0.25,4.79,1.69,2.81,0.32,2.68,3.20,1.81,-2.80,0.42,2.05,4.01,6.19,2.88,2.87,2.85,-1.64,3.75,3.01,3.62,2.67,1.12,-6.05,0.88,1.25,-0.68,0.50,-0.53,-0.20,-2.72,-0.07,1.95
04/21/23,-1.30,-2.94,0.08,4.75,4.26,-1.51,1.20,-0.90,2.47,-1.65,3.17,3.80,4.86,-3.16,-1.94,0.08,-0.68,-9.11,1.50,-0.24,-1.14,-4.99,-1.90,-1.64,4.57,-1.38,5.90,-0.85,0.68,-0.15,1.02,5.18,1.29,-3.03,1.19,2.58,1.86,0.00,-0.04,-1.94,-8.14,-5.47,6.40,-0.33,2.71
04/28/23,7.12,4.33,1.30,4.17,3.21,-1.51,-3.57,0.62,-0.48,1.40,4.35,0.79,-2.77,-5.13,3.47,2.05,-1.95,-0.97,-3.05,1.92,0.78,2.51,0.62,-1.29,4.78,0.08,1.79,0.62,1.14,20.58,-1.51,-1.42,1.49,8.39,8.16,2.09,-0.22,-1.23,1.47,2.28,2.55,1.71,7.25,2.94,0.49
05/05/23,-1.03,-4.15,-2.20,3.01,2.25,0.61,-2.11,-1.13,-0.65,1.71,1.75,3.96,-2.27,2.61,-1.48,0.77,-8.76,-1.47,-0.95,-0.71,1.41,0.17,-0.62,-1.54,-0.52,-1.79,0.56,10.74,-1.15,-4.91,0.16,0.21,2.56,-0.68,0.33,-0.82,-0.86,-0.99,-0.06,-2.99,1.28,0.45,-0.43,-1.93,-0.66
05/12/23,3.67,0.43,-0.13,0.41,-0.99,-2.79,0.90,-1.59,-0.67,-2.38,0.97,1.63,0.51,-6.68,6.39,-4.99,-4.25,-1.98,-0.35,-1.90,-4.08,-6.58,-1.17,-3.91,0.92,-1.15,-0.19,-1.69,5.22,2.46,6.37,-0.51,2.27,-2.43,-7.33,0.83,-4.57,1.02,0.51,1.84,0.87,-0.62,1.45,-8.49,-0.58
05/19/23,3.21,3.59,3.25,-1.18,-0.43,-2.16,0.53,1.34,0.50,3.27,0.40,-0.90,2.70,-2.41,-0.52,3.63,5.45,3.62,-0.63,1.93,5.67,3.39,-1.16,-2.52,6.36,-3.80,0.32,-0.02,-1.23,3.85,-2.34,0.41,-0.81,0.61,1.42,2.46,-0.23,-0.73,-1.09,-1.79,2.50,-2.53,0.14,-0.70,-3.72
05/26/23,-5.86,-1.32,-4.04,-1.45,1.10,-3.72,-7.98,-6.33,-5.15,-2.85,-4.38,-1.86,-3.31,-1.32,3.03,-2.63,0.10,7.05,-0.94,-1.82,2.49,-3.11,-2.13,-9.92,-3.66,-0.32,-5.41,-0.64,1.72,2.26,2.69,-3.92,-3.28,2.84,2.23,-0.40,-0.91,-2.35,-0.22,3.15,4.03,0.56,0.57,-3.35,2.73
06/02/23,0.48,-0.36,3.36,5.27,-1.14,5.51,4.62,2.30,2.98,7.02,0.95,-1.36,-0.31,5.46,-0.76,1.94,4.77,-0.65,0.33,2.63,-2.40,7.97,1.70,4.54,2.79,3.33,4.23,6.48,4.62,-2.65,9.75,1.66,-3.00,11.80,3.81,0.00,1.84,0.14,1.96,7.70,0.64,3.75,1.27,2.81,2.12
06/09/23,4.17,-0.27,1.56,3.29,-0.14,-2.13,7.55,1.34,3.74,-0.52,0.39,-2.13,1.57,-2.11,-3.28,-1.11,2.74,3.61,-1.91,-0.48,-2.45,0.10,1.94,-2.13,-0.25,-0.50,1.96,-4.91,2.10,0.03,5.97,1.87,1.30,4.36,-1.74,-2.81,2.26,-1.37,-0.88,7.36,-5.12,-1.19,2.09,1.28,-2.20
06/16/23,7.94,-1.54,0.62,1.15,4.74,5.38,0.68,-0.27,-2.13,-1.97,2.54,-0.26,3.19,-1.21,7.12,-3.69,0.74,12.07,1.35,2.57,4.91,16.05,2.64,-1.36,-0.74,-1.85,5.10,7.55,2.51,11.02,7.01,2.96,1.33,1.48,0.23,-0.79,3.70,-1.88,2.92,10.91,1.31,-6.74,6.57,-0.66,8.61
06/23/23,-1.70,-5.66,-0.78,-2.49,-4.55,-2.90,-1.02,-5.14,-4.19,-11.39,-0.47,0.39,-6.94,-8.88,-3.16,-7.24,-5.19,-5.98,1.20,-1.42,-4.48,-9.27,0.76,-4.13,-4.11,-3.56,1.90,0.23,-2.17,6.28,-1.17,2.84,0.62,1.55,-0.56,-4.27,-11.63,-2.76,-1.05,-4.17,3.41,4.04,-4.11,-3.53,1.10
06/30/23,3.56,5.62,1.53,3.59,1.43,-7.29,-2.75,1.68,3.50,5.38,-0.94,0.17,2.25,0.10,7.29,1.88,6.80,1.69,-0.39,3.70,3.71,1.33,0.02,2.97,-2.47,2.98,2.46,10.00,5.88,0.93,-3.20,3.09,3.30,7.74,2.20,1.34,-1.23,13.48,1.33,3.49,1.35,0.76,-0.54,1.34,4.65
07/07/23,-0.69,-3.04,0.74,4.48,7.43,-1.86,0.71,0.87,-1.52,-2.55,0.09,1.15,1.14,-0.69,-3.54,-4.14,7.85,0.42,10.84,-2.04,1.37,-4.75,-3.79,-6.78,1.20,-3.28,-3.77,-2.17,7.57,13.74,0.00,-4.53,-2.18,2.62,16.96,0.22,0.12,-2.12,1.45,-2.80,2.18,-3.97,0.27,-0.72,0.00
07/14/23,4.95,4.29,-0.81,0.55,-3.14,0.94,0.35,-0.29,0.17,9.55,1.66,2.53,-2.11,3.70,-1.92,6.52,3.68,0.00,-1.41,1.42,5.33,4.08,0.39,2.59,8.03,4.73,10.84,-3.82,-0.07,-0.81,3.55,5.51,2.88,1.47,0.45,0.66,6.22,2.76,5.14,4.61,6.29,4.03,-1.74,-0.02,1.96
07/21/23,5.94,5.26,2.00,2.62,2.91,2.15,0.00,4.77,-1.20,0.53,-0.99,-1.97,-0.27,-0.38,-1.96,10.43,0.14,2.31,-3.19,1.19,-1.68,2.62,6.46,2.53,8.77,3.66,-4.95,0.74,-1.55,-0.31,-7.79,-2.37,-0.54,1.09,3.13,1.53,4.45,1.09,-1.25,-1.98,-0.06,5.49,7.38,-1.62,3.21
07/28/23,-1.43,-4.61,1.02,9.08,-4.37,-0.13,-0.17,6.91,-2.95,-2.96,-1.42,-1.22,-5.52,-3.13,-0.90,-2.19,3.30,0.00,0.60,-6.43,1.21,8.26,2.52,8.82,-2.02,1.56,0.89,-4.27,-3.61,-2.91,2.05,1.58,-2.87,12.62,-1.04,3.23,0.90,-1.39,2.89,11.61,-8.74,-0.71,5.98,-1.20,5.37
08/04/23,1.78,-3.21,0.09,-4.03,-3.51,1.06,5.60,-0.59,2.50,-4.68,-0.39,-3.61,0.24,-7.92,0.09,-1.36,3.64,0.64,-0.58,-3.06,-0.61,-4.25,-3.12,-3.29,1.14,-2.39,-1.73,-3.12,-0.17,-1.63,-1.38,-0.35,-0.31,1.09,-3.28,2.08,-1.70,1.02,1.39,-4.94,7.77,-0.04,-0.96,0.20,1.37
08/11/23,2.52,-0.97,1.74,4.55,0.33,0.98,-1.82,-1.32,-4.88,-5.71,1.30,0.75,-0.78,-2.99,4.58,-1.05,2.91,1.32,-0.58,1.32,1.05,-0.71,2.85,-0.86,-1.81,-2.53,-1.86,-2.43,5.54,4.46,4.33,-2.60,1.90,2.17,4.34,-8.16,-1.38,-2.47,-3.04,-0.33,3.80,1.05,-1.70,3.15,0.34
08/18/23,-0.40,-1.61,-1.30,-4.90,-1.36,-0.40,-4.12,-3.43,-0.55,-0.67,-3.10,0.22,-4.76,-5.81,-0.51,-7.69,-3.19,-3.41,-0.62,-2.15,-5.22,-6.13,-0.78,-6.50,-4.37,-3.36,-5.06,-2.79,0.39,-0.77,-5.85,-1.26,-0.59,1.68,0.61,1.33,-5.61,-3.71,-7.47,0.70,-0.81,-1.88,-6.04,-3.44,-0.51
08/25/23,-0.16,-0.18,0.78,7.45,-0.71,5.15,2.84,0.34,-2.58,-2.38,1.45,-0.83,-3.31,7.89,8.36,0.53,-3.17,-2.24,-0.03,-0.15,-0.71,1.53,-2.93,-2.16,2.17,-0.04,-2.53,6.85,-2.07,8.42,0.78,0.04,-0.74,0.52,-2.13,1.32,1.98,0.20,1.62,7.25,-1.72,-1.87,14.04,-3.02,-2.93
09/01/23,-1.02,3.53,1.85,29.25,-1.74,-0.65,-0.17,2.17,2.83,2.75,-1.83,-0.88,3.06,3.60,0.32,2.29,4.35,8.18,1.70,1.12,-1.52,10.11,-3.47,3.79,-1.06,2.47,5.80,1.70,4.70,3.62,4.11,7.04,1.76,-4.67,6.16,-2.16,0.24,2.63,13.14,2.01,3.17,-2.63,15.42,-2.06,-2.40
09/08/23,-0.33,-0.55,0.26,6.80,5.13,-3.05,4.15,-1.39,1.12,-0.18,-1.59,0.18,1.53,-2.60,8.60,0.78,4.10,-3.56,0.19,-2.05,-3.03,3.82,0.05,-5.12,3.81,-2.84,-1.65,0.95,-1.50,-1.76,-3.09,-3.11,1.15,18.53,2.30,-1.77,-0.85,-0.90,1.96,1.88,2.87,1.35,4.49,-0.07,2.39
09/15/23,-0.25,8.92,1.47,-12.18,-2.61,-2.25,-5.81,2.80,2.94,2.44,2.07,1.24,3.29,6.17,-1.49,3.85,2.01,-0.85,0.39,4.62,-6.32,-0.34,0.55,6.84,14.91,4.38,-3.29,-0.25,2.12,-0.68,1.40,-3.66,-2.94,-8.39,10.94,-3.15,-0.98,1.74,-2.58,2.06,2.90,1.23,11.93,4.90,2.75
09/22/23,-2.38,-3.80,-2.37,-2.55,-0.10,-1.87,0.53,-0.17,1.07,1.01,1.47,-1.75,-2.54,-1.36,-2.57,-0.66,-3.51,-0.29,-2.44,-1.69,-2.08,-9.77,-0.59,-2.70,10.38,-6.61,-1.10,0.51,0.43,0.41,0.38,-1.88,0.62,6.62,4.50,3.26,2.96,-1.18,-2.71,-2.53,0.47,3.99,-3.58,-5.06,-7.75
09/29/23,-1.01,2.33,-2.70,5.27,-1.53,2.28,-2.63,-4.41,-3.36,4.36,-1.64,0.18,-1.63,-5.06,1.56,-3.23,-0.32,2.06,-1.56,-2.66,-4.00,4.01,-2.96,-1.13,3.98,1.32,-1.12,-0.41,-3.37,1.14,-1.25,0.01,-2.90,5.66,3.50,0.23,-1.56,-1.06,0.71,2.88,-6.28,-0.38,3.18,-0.25,3.28
10/06/23,-2.88,-2.63,-1.14,-1.53,0.14,-0.42,-2.70,-1.98,-4.02,-1.69,-5.76,-5.38,5.15,-5.04,26.40,2.74,-4.47,-3.11,-1.02,-0.04,0.78,1.80,1.21,-7.49,-5.22,-2.69,-2.68,-4.13,-0.42,0.90,-7.35,1.44,-0.74,-2.20,-4.30,0.67,2.19,-4.23,-5.39,-4.85,-0.56,4.09,-6.26,2.33,-1.89
10/13/23,2.33,-1.09,-0.52,-0.47,0.16,-2.01,-0.56,1.54,2.48,-5.28,-1.49,-0.61,-12.93,5.46,-4.96,-2.67,9.67,-2.08,4.22,-0.60,2.32,-0.61,-0.50,-4.95,-2.94,-3.06,0.40,-0.62,0.94,4.73,3.28,-1.94,2.69,1.54,-1.95,-2.68,0.95,0.77,0.11,-1.58,-1.81,2.78,9.78,1.70,-1.97
10/20/23,-2.08,-5.37,-2.24,-2.45,-0.39,-4.90,4.28,-3.11,-5.20,-0.76,-1.52,0.19,-8.00,-0.07,-4.36,-4.11,-0.75,-7.58,-3.48,-1.22,-1.85,-2.92,-2.45,-4.79,-4.91,-2.75,-5.04,-3.22,-0.22,1.70,-8.87,-7.48,-2.09,-1.04,-3.96,-0.92,-2.12,-2.09,-2.26,-5.46,-1.98,-2.29,-2.08,-2.02,-2.21
10/27/23,-2.38,-10.81,-1.49,-6.03,-3.39,-1.75,-0.54,-1.06,0.98,-0.45,1.40,-0.80,1.06,-0.36,-3.25,-0.27,-5.96,-0.13,-3.76,-2.38,-0.65,1.78,-4.84,-6.09,-1.09,1.69,0.00,-0.16,-3.10,-2.59,2.47,-1.93,1.93,-4.02,1.23,-3.47,-3.37,0.14,-3.43,-5.88,-4.26,-0.45,-7.48,-4.02,-0.65
11/03/23,0.12,5.53,6.05,9.26,8.04,-1.34,4.85,3.38,7.38,5.00,4.40,0.62,7.56,1.71,3.03,15.04,1.74,4.73,1.05,6.77,6.11,7.32,3.94,11.18,3.52,8.75,15.44,-6.89,-2.75,9.71,6.91,9.45,3.06,10.12,2.20,4.80,10.72,4.11,0.75,5.98,2.18,1.19,26.29,7.24,1.70
11/10/23,3.24,-0.56,-0.36,0.35,6.25,5.52,0.86,-1.14,-0.18,-3.09,0.51,-1.42,0.74,-7.58,2.38,-2.88,-4.96,0.19,0.90,-0.63,0.73,2.22,-2.70,-2.32,0.97,1.57,1.99,5.13,3.79,3.69,-4.74,2.46,3.50,9.96,1.94,2.79,-5.41,2.18,4.18,0.23,0.47,1.94,-0.07,3.76,6.03
11/17/23,0.32,5.33,2.31,9.96,1.61,4.22,3.74,1.16,3.26,-1.28,0.87,1.53,10.56,5.38,-1.78,2.96,-0.78,-0.19,1.87,2.41,2.50,12.74,1.72,5.36,3.65,3.19,4.33,0.83,3.93,3.56,-2.13,4.35,-1.79,9.98,2.27,4.52,2.98,2.00,1.36,-0.20,5.80,-0.91,5.97,6.66,2.67
11/24/23,2.32,-0.81,0.98,7.33,5.13,0.77,4.42,1.77,3.51,0.00,1.93,3.02,-7.05,-2.90,0.61,1.87,0.18,-0.63,-1.98,1.15,1.17,0.34,2.62,-2.66,-1.67,-6.09,0.11,-3.62,-1.98,0.98,-2.76,-1.63,1.92,1.03,-2.50,-4.33,4.28,3.27,-0.10,1.04,-0.48,2.02,-8.25,2.03,0.54
12/01/23,-1.12,0.51,-1.29,11.92,6.74,4.80,0.16,-0.03,0.17,-0.39,-1.49,1.70,16.74,12.18,-1.90,0.46,-0.92,6.70,-0.23,2.26,3.00,-0.50,3.86,-1.19,3.96,2.56,3.09,3.77,4.77,2.40,-2.99,2.02,-0.67,15.91,6.20,-2.71,-0.10,0.13,4.50,-3.72,1.84,0.35,-0.60,-3.62,-0.10
12/08/23,-0.74,0.65,-0.45,3.73,7.46,0.56,2.50,0.15,2.71,2.47,5.11,2.48,1.69,-2.12,3.34,-0.53,-6.95,-3.97,7.45,-1.60,-0.14,-2.38,-2.50,0.90,-4.17,3.34,6.08,-0.18,2.58,5.13,-1.23,3.41,-3.53,5.41,7.24,5.81,0.90,0.38,5.29,2.17,0.43,0.48,-2.94,0.58,-0.10
12/15/23,-0.46,2.35,0.83,2.69,-0.11,4.54,2.29,-0.31,4.78,-0.25,2.02,0.18,4.16,0.90,2.01,2.60,2.55,3.90,-0.26,4.52,5.43,8.10,0.48,3.81,-0.57,5.21,6.95,4.87,3.47,1.13,-1.09,5.28,0.60,7.09,5.42,-7.69,3.59,-0.57,13.47,6.95,6.43,-3.39,9.01,0.69,1.20
12/22/23,-1.32,3.51,-0.34,-1.79,-0.56,-0.98,5.07,0.12,-0.63,1.78,1.93,0.53,3.43,-0.03,1.32,1.27,2.15,2.21,-1.98,1.10,-1.95,3.99,0.19,5.34,4.76,1.06,-1.25,-6.68,-5.31,0.35,0.00,1.45,0.05,-6.17,-2.21,3.33,-2.27,2.53,1.29,-4.58,-2.30,-2.04,-3.06,-2.61,5.22
12/29/23,5.47,1.32,0.00,8.53,0.93,0.22,-0.43,1.58,0.16,-0.87,1.21,0.70,-1.54,1.54,7.75,-1.14,-1.20,-0.64,2.61,1.98,-0.30,4.69,0.82,1.80,-2.55,-1.42,1.10,3.44,5.59,2.54,-1.57,0.29,-0.21,-1.15,7.36,0.69,-1.44,0.12,9.59,2.31,-0.15,1.18,17.71,-0.80,1.34
01/05/24,-1.05,1.18,2.15,1.21,0.53,0.05,-1.43,3.77,9.95,-1.07,-3.19,-0.04,-2.12,-8.48,13.55,-2.12,-0.50,1.12,0.13,-2.95,-0.47,-6.69,2.80,-7.87,3.54,-5.75,-1.86,0.13,-4.86,0.56,1.44,-0.90,-2.60,5.66,1.53,2.52,0.11,-0.62,-5.38,-0.62,-1.85,2.07,6.80,0.68,3.65
01/12/24,-1.56,-6.47,-0.45,0.31,1.07,-3.25,1.30,0.01,-0.86,-16.17,4.06,2.60,0.76,-1.95,-1.63,-1.55,-4.14,-7.45,-0.58,-1.19,-0.47,0.49,0.78,-10.17,3.96,-4.71,3.75,1.05,-1.18,18.88,-1.26,3.91,2.99,-0.57,0.47,-6.25,-1.68,3.66,-1.75,-0.73,4.68,-2.95,-7.25,-0.61,-1.47
01/19/24,-2.38,-3.09,0.89,13.14,5.08,-1.16,0.57,3.65,1.74,-9.26,0.48,-1.27,-1.59,-10.57,-1.81,-0.55,-1.48,-3.27,-0.41,-0.16,-2.31,2.19,-0.44,-2.52,7.63,-0.18,0.04,0.88,2.02,11.21,-2.40,-0.01,7.87,2.61,4.52,4.29,-3.88,-0.48,-0.74,-0.45,6.28,-3.44,-4.98,3.00,2.30
01/26/24,-1.57,5.81,4.60,-1.01,-1.56,-1.50,0.43,0.83,0.71,-6.11,1.91,0.34,6.83,4.57,3.55,3.63,10.48,3.06,-0.59,0.51,3.02,-9.35,-1.35,3.58,2.90,3.21,-1.93,-4.30,-1.25,-1.69,2.95,-2.39,-0.54,1.64,2.42,-5.94,5.70,4.69,4.38,-1.29,-4.90,-0.07,-3.12,2.47,2.29
02/02/24,2.56,0.99,1.24,6.25,17.85,-3.04,-0.71,0.01,-0.57,-10.70,1.02,-0.34,8.77,1.36,2.23,-0.84,-7.35,-2.71,1.50,-2.82,-4.40,-2.41,-1.81,4.42,0.47,-4.66,3.79,6.22,1.80,10.59,0.00,4.04,2.43,7.54,19.92,0.00,0.45,1.78,7.77,-1.00,1.29,1.40,-3.90,1.86,3.43
02/09/24,-0.43,-5.60,1.63,-2.63,10.02,0.40,0.85,-2.97,-1.28,-15.09,-3.44,-6.13,-4.42,-5.72,-3.65,-0.31,-0.75,0.45,-1.74,-0.65,-0.91,1.96,0.10,-2.58,2.18,1.49,-0.64,0.61,-1.05,-1.15,8.59,1.75,-2.05,-4.84,-1.28,-6.07,-3.69,2.37,4.17,3.70,-2.01,1.57,10.54,11.59,5.78
02/16/24,0.52,3.12,1.84,-0.75,6.63,0.35,-0.14,2.73,1.30,-29.67,0.67,12.37,2.04,2.27,-3.22,3.54,2.32,-3.55,0.13,1.20,0.56,0.46,0.63,5.48,-1.98,4.50,-1.83,0.26,11.46,27.27,-3.51,-0.77,2.46,1.18,5.09,-0.27,5.34,-0.39,-4.64,2.81,-0.65,0.64,2.51,2.96,10.68
02/23/24,-0.14,11.60,3.09,1.73,-5.64,2.78,-0.14,0.85,0.71,12.63,1.42,1.34,-1.92,-2.69,-0.28,-1.12,-0.28,1.21,-0.81,1.75,2.41,-1.20,3.38,6.69,1.24,0.75,3.24,1.07,5.16,2.10,16.08,2.63,0.66,-4.03,-1.65,-3.43,-4.85,-0.50,1.24,0.79,1.42,1.09,10.31,-3.46,3.42
03/01/24,-1.18,6.87,-2.38,2.37,0.92,-4.49,0.28,0.65,3.81,13.59,1.23,-1.24,2.02,-2.28,0.80,-3.69,1.22,2.98,-0.48,-0.44,0.48,1.93,0.17,-5.20,5.68,1.35,4.13,-1.73,2.20,-6.77,9.15,1.35,2.59,0.02,-2.46,0.00,-1.51,5.29,3.98,4.48,-3.79,-7.15,-19.03,3.91,0.33
03/08/24,-0.49,1.60,-0.69,9.46,0.16,-1.37,-1.13,3.30,5.44,0.05,1.71,-0.16,-2.37,0.73,0.73,1.56,2.09,15.62,0.57,1.05,4.52,0.41,-1.60,6.73,3.63,-2.07,1.68,-0.21,-3.87,1.70,-1.20,-0.42,-0.12,4.04,3.96,0.00,2.92,-3.22,4.39,5.44,1.36,-2.26,0.42,-1.46,5.58
03/15/24,-5.38,2.72,1.38,-15.83,-6.12,-2.42,-0.86,2.23,1.42,-12.32,0.47,0.81,-2.58,0.15,-7.02,-1.38,4.20,-6.31,-6.73,-1.52,-0.15,-3.09,-0.84,0.33,-0.84,-0.31,-4.64,-8.83,-4.98,-7.76,2.79,-1.16,2.67,-11.37,-9.28,1.09,-3.73,1.04,-12.41,-3.78,-0.55,2.99,-7.85,1.48,0.72
03/22/24,2.87,2.19,0.79,10.31,1.13,1.50,4.49,-1.40,1.02,18.17,0.56,-0.04,3.13,-2.72,-0.45,2.34,1.75,3.83,2.17,1.54,-1.22,-0.16,-1.86,-0.61,-5.52,2.95,6.39,4.61,4.31,2.88,1.53,5.36,4.88,3.58,4.20,-2.16,1.57,1.57,6.78,-0.66,-1.30,-0.15,1.37,3.50,1.59
03/28/24,2.76,1.33,1.83,3.41,1.59,2.60,1.40,5.75,1.01,5.39,-1.92,0.97,4.50,3.27,3.26,-1.75,2.68,2.07,-1.28,2.25,0.57,3.76,1.91,-1.77,-1.50,6.76,3.24,1.86,2.23,-1.24,-3.37,1.61,-3.31,-0.36,1.34,3.59,-0.12,0.96,3.19,4.64,-1.17,0.94,-0.68,5.60,0.58
04/05/24,5.91,3.57,-0.50,3.09,-1.98,-0.45,-1.65,-2.13,1.37,2.82,-0.94,-4.43,-2.03,15.34,4.32,-0.31,4.62,1.52,16.29,-3.95,-3.67,-12.36,-3.67,-1.52,-4.71,-2.81,-3.35,7.05,4.88,8.85,0.84,-2.37,-1.00,6.78,9.77,-0.27,3.58,-1.74,8.95,2.54,1.03,-7.88,0.60,-3.25,0.13
04/12/24,1.19,-3.63,-3.67,2.98,1.80,6.06,0.56,-2.39,0.86,7.16,-2.24,0.67,-5.76,14.85,2.89,-0.19,-3.81,-3.22,27.07,-0.50,-1.99,-7.80,-3.20,2.18,-0.80,2.93,-3.80,1.66,2.73,-6.78,1.55,-1.14,-3.67,-3.31,-1.28,-1.34,0.46,-1.13,6.33,-5.60,-1.66,-3.63,-2.70,-3.69,-4.50
04/19/24,-5.05,1.63,0.52,-3.05,-2.51,-3.89,-4.18,1.12,-1.59,-1.65,-0.24,1.99,1.56,-2.75,-1.22,-1.56,-1.49,-3.62,-7.64,-0.97,-2.52,-4.17,0.26,-5.65,1.31,-1.56,-6.07,-6.63,0.62,2.30,-1.64,-1.70,1.34,-1.08,-4.82,-0.27,-2.29,-1.58,-6.08,-9.85,-3.90,14.10,-0.31,-1.23,-4.07
04/26/24,9.30,9.96,-0.71,9.57,4.01,-8.71,8.58,-7.56,-1.86,3.35,5.80,4.64,0.56,-2.99,5.10,2.57,-1.38,2.26,5.70,-0.42,0.68,-6.78,-1.20,-5.45,8.20,0.57,3.06,-8.72,-1.86,10.62,-0.30,-0.49,-4.31,1.94,6.39,3.80,2.82,1.56,15.45,0.14,7.01,-1.15,8.44,0.11,2.79
05/03/24,9.27,-0.98,-0.65,9.43,3.35,1.89,4.55,5.47,-1.01,1.62,0.43,1.71,0.63,-5.91,0.00,2.90,-4.70,-1.81,11.85,1.22,0.64,-3.07,2.14,3.15,1.63,0.69,2.47,3.25,7.27,0.12,-4.18,-0.79,-2.97,18.26,-0.48,5.76,2.28,-0.33,-0.36,-2.07,-2.18,-0.59,-5.85,0.82,5.18
05/10/24,-2.00,5.73,3.15,-10.06,-1.78,-1.71,-1.28,1.65,1.95,6.72,3.92,3.90,-3.06,5.10,-5.41,2.06,0.93,1.19,11.89,3.63,5.46,-3.01,0.43,7.88,5.41,5.19,3.06,-6.20,-0.01,-16.27,5.26,0.91,0.63,-13.05,-8.80,0.50,0.00,1.88,-6.58,1.16,1.24,4.13,-3.49,-6.92,-1.40
05/17/24,4.84,1.31,1.19,9.18,1.59,-4.28,2.20,1.00,1.15,-4.96,0.92,2.50,-6.51,6.49,-3.34,-5.15,2.24,4.69,13.70,2.03,4.95,6.63,3.16,-2.36,1.80,2.89,1.81,5.39,14.67,-0.57,1.58,0.18,-0.71,12.04,0.97,-2.96,0.22,-1.14,6.38,3.49,3.14,2.30,4.08,-2.40,7.00
05/24/24,1.32,-0.28,-2.14,1.95,4.07,-2.63,0.51,-1.98,1.89,-4.06,-1.92,-0.07,-6.78,-3.09,3.70,-3.85,-4.72,3.08,25.81,-3.05,5.00,-3.49,-4.18,4.34,1.23,0.58,-5.73,2.75,2.61,4.52,-0.60,-3.29,-2.48,5.04,1.04,2.03,-5.57,-0.27,1.56,2.05,1.31,-3.14,14.04,-1.44,2.28
05/31/24,6.39,1.78,1.87,-2.13,-4.04,-0.60,-2.53,-0.08,1.73,3.37,0.86,-1.96,0.55,3.94,-4.64,1.83,1.63,-4.13,-7.34,1.25,11.45,0.42,-0.20,-3.24,-1.35,0.76,2.54,-1.35,-2.85,-7.13,10.25,3.57,-2.40,0.21,2.41,-5.47,1.65,-2.25,-6.52,-3.34,-7.04,-2.52,0.99,2.11,-6.99
06/07/24,3.26,-1.25,-0.81,-4.55,-4.38,7.49,-0.52,-1.37,2.79,-2.84,0.98,2.11,0.67,-9.77,3.62,-2.20,-6.67,13.48,0.14,3.26,-0.14,-0.36,0.28,-6.45,-3.55,-0.83,-3.95,5.48,13.99,1.13,-6.78,-2.38,1.60,-1.85,-3.36,0.26,2.09,-1.80,-3.54,1.93,12.10,-0.94,3.87,-2.28,5.53
06/14/24,3.65,-7.02,-1.83,7.11,4.44,3.49,-2.47,-3.19,-2.13,-8.64,-0.51,-0.44,-3.37,-2.42,1.34,-2.66,-3.40,7.84,-3.77,-0.12,-1.84,-0.94,-1.05,-4.09,-3.68,-5.08,0.70,5.95,2.45,4.72,-2.23,1.40,2.92,5.42,3.08,-0.79,3.10,-2.52,0.56,3.14,-0.48,1.31,5.55,-1.55,5.00
06/21/24,-1.73,1.41,0.67,-3.50,-1.78,0.32,0.67,3.35,0.24,3.11,1.09,0.30,0.31,2.02,-3.23,0.00,2.19,-2.57,0.29,3.15,2.42,2.10,2.21,6.26,2.79,0.12,-2.29,2.31,-3.07,-1.23,1.92,0.32,7.39,-5.47,-1.28,2.56,1.57,1.00,1.24,-1.27,2.11,-2.51,2.45,2.30,-2.13
06/28/24,2.61,1.98,-0.45,1.97,-1.23,-1.73,-1.19,2.51,-0.24,-3.33,-2.66,-0.07,1.96,0.99,7.01,2.31,0.42,1.20,0.75,-0.72,-3.71,-0.39,-1.74,-3.63,-5.43,-0.04,-1.11,-1.75,1.10,0.92,0.82,-0.50,-2.38,0.65,-1.99,-1.59,-1.33,4.42,-4.37,0.51,2.17,5.53,4.43,-2.91,-1.00
07/05/24,-5.05,5.58,1.03,5.19,0.77,-1.07,1.21,-2.03,3.38,12.61,1.32,-0.74,1.68,5.52,4.40,-0.82,-2.01,-2.93,3.58,-0.61,-1.11,3.39,0.22,9.88,12.08,3.50,-4.50,0.03,1.24,1.68,1.75,-2.20,-2.77,10.10,-0.41,-0.54,6.73,1.89,4.54,2.74,2.16,-4.17,-4.53,-1.31,8.20
07/12/24,-2.24,0.86,3.39,2.99,-0.59,4.38,3.85,5.74,2.10,1.97,0.37,1.64,5.76,4.55,1.13,3.11,2.54,3.02,-4.00,1.35,6.06,7.71,2.32,4.02,2.02,6.06,12.09,-0.82,-6.19,10.23,4.36,8.63,1.29,3.96,-4.07,0.54,-4.62,2.95,-3.31,-1.54,3.03,4.82,-5.91,-0.42,1.07
07/19/24,-0.20,2.79,1.96,-9.68,-0.25,-1.09,-2.43,-1.07,1.83,8.66,-0.59,1.25,-6.75,-0.65,-2.45,-2.61,1.36,-3.26,-3.87,-0.23,1.14,-4.38,3.21,-4.10,3.70,0.40,6.92,-0.61,1.72,-10.01,1.21,4.54,0.26,-3.81,-1.10,2.15,3.08,-0.27,-5.69,-3.85,0.93,10.52,-1.24,-1.43,-2.57
07/26/24,10.00,1.20,0.79,7.82,8.20,0.59,3.27,2.42,1.12,3.78,0.86,3.27,1.00,-6.01,1.57,-1.86,0.00,-3.52,-5.54,-5.53,-2.18,-4.94,3.85,4.51,1.02,2.26,3.38,1.21,4.96,-0.69,0.76,2.04,6.47,1.40,2.96,-1.32,-0.21,3.19,3.98,5.50,3.29,0.78,0.63,-6.07,5.65
08/02/24,1.54,-9.64,-2.40,-4.90,5.57,-0.46,2.03,5.15,-2.89,-11.36,1.04,-0.42,-7.46,-1.04,3.11,2.10,-7.50,-8.76,7.93,0.47,-7.21,-31.48,2.18,-6.13,-2.14,-4.17,-1.27,3.95,-4.78,1.44,1.62,-0.63,2.41,-2.28,0.38,0.00,3.43,-10.62,-0.78,3.48,-1.95,3.53,0.81,-0.40,3.58
08/09/24,1.20,4.38,0.95,0.28,-0.92,5.27,0.12,-1.66,-13.39,-2.76,-1.87,-5.29,1.79,-5.76,-4.35,-0.82,-2.58,-3.83,-8.87,-2.68,-0.53,-7.64,-2.14,-3.95,-3.74,0.82,-2.69,-1.62,-0.01,-5.05,2.87,-0.47,-1.11,-5.05,-4.28,0.53,-1.08,-2.83,-11.55,-3.35,-0.26,-5.27,0.00,-3.75,4.17
08/16/24,1.05,5.94,3.03,-1.95,-0.23,1.00,2.26,2.29,2.64,0.93,3.75,1.94,-0.11,-0.56,2.66,0.41,1.23,7.67,-12.47,0.68,7.07,5.89,-0.77,8.53,3.35,2.84,1.18,-1.47,3.35,-0.68,0.62,1.91,-0.43,0.87,-1.87,-3.98,1.71,1.60,-0.93,-1.25,5.21,3.39,-1.43,3.58,-8.78
08/23/24,1.95,0.94,1.98,-0.08,5.85,0.55,-1.83,1.29,-0.51,4.78,3.02,-0.44,2.68,3.95,3.74,2.27,1.21,2.89,-1.16,2.01,-0.70,-1.58,2.97,2.78,-0.52,3.19,7.72,3.06,-2.83,5.14,-2.05,7.53,-0.26,2.03,2.79,-2.76,0.21,2.86,2.85,2.42,0.90,1.18,-0.31,1.41,-0.72
08/30/24,-1.74,-0.89,5.14,-1.89,1.52,1.32,1.24,3.18,-0.61,8.80,2.24,3.52,6.07,-2.08,8.09,-3.23,-2.11,0.83,0.91,2.68,1.46,7.30,1.82,0.47,-1.04,-1.15,-1.60,3.12,1.67,-3.08,1.57,-1.60,1.20,7.51,0.22,0.43,1.67,-0.09,1.40,2.84,2.27,0.97,-1.26,-0.20,-4.27
09/06/24,-3.24,-3.31,-3.64,-9.21,-1.43,-7.82,-5.28,-1.20,-3.94,-1.65,0.32,-0.14,0.69,-6.09,19.34,-0.84,-7.51,-9.50,-2.64,-4.70,-6.52,-14.29,-0.89,-4.33,-5.13,-3.24,-1.45,4.09,-3.89,-4.82,-3.92,-1.13,-0.95,-0.93,-5.58,2.69,0.21,-1.83,-3.25,-1.12,-0.75,1.13,-14.52,-2.70,-2.46
09/13/24,-0.91,0.14,-2.54,0.19,-2.88,0.98,0.39,0.32,-1.64,0.65,0.98,-0.28,2.63,11.70,-0.81,1.89,-2.52,-2.17,2.00,3.04,-0.66,4.08,0.69,0.00,-2.91,3.31,3.62,1.65,1.60,-3.17,1.39,3.32,0.56,-8.30,1.09,-1.93,4.72,0.41,2.16,6.16,2.02,-0.43,0.37,2.97,1.64
09/20/24,-3.28,2.53,2.05,0.70,-3.10,-16.74,-4.26,-0.29,2.78,-19.96,-0.55,-2.71,5.74,3.26,0.07,-1.03,5.74,10.44,0.77,-0.39,4.32,11.09,-0.82,5.63,0.57,13.62,-2.00,-3.65,7.74,-4.92,0.85,1.10,-1.46,-3.60,-2.43,-11.24,3.14,2.27,-3.63,-4.46,-2.05,-2.91,-21.85,3.53,-5.64
09/27/24,0.88,1.10,0.10,8.08,10.80,-0.16,0.00,0.75,-0.27,-0.60,-2.36,-0.81,4.04,5.88,2.58,4.18,-2.78,7.07,4.47,2.10,1.87,9.48,-1.68,2.78,0.71,0.68,2.66,4.06,7.78,-0.91,3.57,2.76,3.33,2.44,0.74,5.06,1.52,1.53,11.16,8.07,-0.77,1.19,1.81,2.41,1.82
10/04/24,-6.01,-1.31,1.12,-7.02,-7.05,-1.52,1.48,2.27,0.95,-12.75,-1.48,-0.07,-8.74,2.42,-9.84,-1.80,8.52,2.38,-0.99,-1.85,1.64,-5.52,-0.69,-1.35,-1.97,-4.18,-2.56,-9.88,-5.19,-0.19,-0.71,-2.26,0.77,-6.12,-3.16,3.31,-1.12,-0.39,-1.07,-2.12,0.41,1.61,-8.15,-0.90,-1.61
10/11/24,1.07,4.24,-0.34,0.88,-1.07,1.21,-4.26,-1.68,-2.82,-0.05,-0.06,1.77,0.53,4.32,-1.87,-1.43,-0.87,0.24,-2.60,5.99,2.83,4.29,0.73,-1.71,-1.44,1.48,-1.96,-5.44,3.90,-2.78,0.10,0.20,2.83,1.03,-0.80,2.92,-1.89,0.17,-3.49,-5.69,1.81,1.16,-6.33,-1.07,0.77
10/18/24,-1.95,2.71,1.01,-5.97,1.45,-0.34,5.14,3.67,-0.69,2.57,0.97,2.69,5.04,5.95,-5.36,0.41,-8.08,0.10,0.68,2.79,0.73,-3.35,2.27,1.63,7.45,0.38,6.03,2.43,-5.46,-5.21,7.80,4.09,1.97,0.96,-1.62,8.78,-2.32,1.68,-3.88,-4.58,2.57,-4.76,-1.74,3.35,-4.12
10/25/24,-3.99,-0.35,-2.36,-14.49,-10.71,-0.54,-5.28,-0.11,-3.62,-27.82,-0.94,-1.91,-2.69,7.89,-0.45,-3.92,-0.28,-5.94,0.44,-6.31,-1.07,-0.40,-2.57,-8.35,-0.34,-0.99,-8.28,-7.68,-8.33,-12.47,0.47,-5.99,-1.30,-7.29,-7.22,-1.04,0.79,-1.65,-13.54,-5.34,1.68,-0.89,-14.97,-2.31,-3.08
11/01/24,-2.50,-0.33,-0.59,11.59,2.24,-4.49,-0.70,-0.42,3.90,-16.12,-3.05,-0.79,2.84,-3.03,1.45,-1.50,-2.02,3.08,9.62,0.57,-1.63,2.29,-0.47,0.00,-0.56,-4.42,-2.09,1.69,3.68,4.48,2.59,-2.04,-4.07,4.75,5.41,-13.75,-2.55,-1.35,5.61,1.07,-5.68,0.53,10.17,0.82,1.39
11/08/24,6.19,4.53,2.64,-1.26,-0.80,0.71,-0.14,5.72,1.25,-11.38,3.03,1.89,3.92,-4.83,-4.74,-0.22,5.60,9.87,-9.40,4.92,1.49,12.93,-2.91,-2.00,-1.69,-2.29,1.72,0.97,5.76,6.07,5.72,1.83,6.20,-2.06,3.73,-6.21,-1.41,-9.04,0.55,-1.18,4.90,8.50,-6.75,3.35,-3.52
11/15/24,-1.96,3.12,1.45,-6.42,-3.84,-5.44,0.14,2.08,1.78,7.39,-1.01,-1.85,-0.85,-7.43,-6.58,-0.87,1.57,-4.40,-2.32,4.84,-0.27,-7.06,-0.95,3.06,8.71,1.04,-2.16,-6.96,-5.72,-7.10,-3.08,-3.02,-0.36,1.13,-5.03,-16.23,0.61,-2.06,-5.45,-1.15,0.25,-3.83,-6.85,16.22,-1.09
11/22/24,3.94,-0.83,1.17,4.78,-4.22,1.32,1.26,3.09,6.06,-9.24,3.23,1.60,-3.76,0.69,10.68,3.52,7.58,4.89,-0.57,0.05,3.84,0.62,0.76,0.87,-3.68,0.72,0.19,2.63,7.27,5.56,-2.05,-0.21,1.15,5.14,0.34,4.35,4.26,0.64,0.71,-0.65,3.62,-0.23,-9.13,0.50,-0.98
11/29/24,3.48,2.57,1.37,7.12,2.27,2.75,-1.66,2.15,1.14,11.68,-0.81,0.21,7.01,-1.00,4.52,-0.43,-0.25,-3.98,2.63,1.67,-7.08,-1.84,0.70,2.33,-0.27,-16.07,3.09,3.68,-1.46,-1.84,1.62,2.54,1.29,4.36,5.11,9.09,-2.92,-0.63,3.90,0.95,-2.07,3.27,25.34,1.57,1.84
12/06/24,0.04,0.38,-2.60,-0.84,2.48,1.08,2.12,-2.38,1.51,1.97,0.13,0.29,3.91,1.47,-0.74,-0.43,-9.17,12.87,1.09,-2.81,2.17,-13.01,-3.68,3.59,6.70,2.55,-6.27,1.74,3.52,0.16,-1.37,-3.13,1.17,3.76,4.98,-0.69,0.37,-5.87,5.76,1.79,4.15,-9.93,-2.87,-0.63,2.97
12/13/24,-0.04,1.74,-2.74,-2.57,0.68,-1.09,0.14,-2.44,-0.25,2.54,1.52,-0.36,2.12,1.53,0.41,-1.07,-0.35,-8.85,-1.94,0.55,-3.76,-2.77,-1.80,-4.05,-3.59,2.09,-5.54,-1.21,0.26,-3.49,-1.16,-4.01,1.02,-1.87,-2.18,2.80,3.25,-3.12,0.73,3.02,0.78,-4.95,-1.60,-2.90,-1.65
12/20/24,-6.38,-3.40,-0.50,-3.03,-4.19,-0.53,-10.90,-4.48,-3.10,-4.70,-4.68,-3.85,-2.56,-4.06,4.53,-3.04,-9.45,-0.41,-6.18,0.31,-4.66,-4.03,-1.47,3.37,-1.99,-3.24,-10.56,-3.00,-5.68,-4.88,-2.34,-3.62,-4.05,-10.10,-6.54,-5.10,-4.53,7.07,-6.89,-6.96,-6.20,-3.91,-7.38,-0.71,-0.45
12/27/24,1.54,1.79,0.35,0.09,1.56,1.87,2.01,-0.36,-0.26,5.38,1.74,1.93,-1.43,-1.25,0.94,-0.45,3.16,0.19,-3.16,0.52,1.03,4.00,0.40,0.00,1.09,-1.32,-0.64,0.13,4.94,2.25,0.00,-0.83,-1.78,-0.28,0.84,0.00,6.39,-0.85,-0.56,-0.02,1.58,1.97,0.95,-0.43,-0.12
12/31/24,1.02,1.23,-0.58,-0.96,0.61,-1.73,-0.30,-0.24,1.54,0.51,0.43,-0.51,-0.60,-1.43,3.67,1.12,1.49,-1.39,-2.26,-1.58,-1.95,-1.23,-0.30,1.05,-0.40,0.53,-0.60,-0.39,1.00,2.75,-1.68,-0.36,-0.96,-0.81,1.13,3.23,-1.55,-0.26,-2.16,0.76,-0.46,-0.81,7.36,-0.18,0.10